seq,run_id,date,time,powder,powder_id,kind,result,target_mg,final_mg,dev_mg,dev_rate,duration_s,n_samples,algorithm_version,has_rate,has_proj,has_tail,has_confirm,json_file,samples_file,samples_path,stop_reason,note,pred_cfg
1,dispense-200mg-20260923_104956-bf7c51,2026-09-23,10:49:56,润滑剂1,powder-20260817-100751-4e849e,闭环加粉,失败,200,214,14,0.07,13.23,25,predictive-stop-v2,True,True,True,True,feedback_dispense_dispense-200mg-20260923_104956-bf7c51.json,feedback_dispense_dispense-200mg-20260923_104956-bf7c51_samples.csv,..\..\server\logs\feedback_dispense_dispense-200mg-20260923_104956-bf7c51_samples.csv,predicted tail confirmed inside the acceptance window; stop ,predicted tail confirmed inside the acceptance window; stop for final stable weighing,"{""enabled"": true, ""prediction_horizon_s"": 0.7, ""fixed_tail_mass_mg"": 5.0, ""target_offset_mg"": 3.0, ""confirmation_samples"": 3, ""fast_stop_enabled"": false, ""fast_stop_rate_mg_s"": 20.0, ""fast_stop_confirmation_samples"": 1, ""projected_safety_stop_enabled"": false, ""projected_safety_stop_offset_mg"": 5.0, ""prediction_start_mass_mg"": 155.0, ""measured_safety_stop_mass_mg"": 190.0}"
2,dispense-200mg-20260923_105014-b6b7e8,2026-09-23,10:50:14,润滑剂1,powder-20260817-100751-4e849e,闭环加粉,失败,200,225,25,0.125,8.97,19,predictive-stop-v2,True,True,True,True,feedback_dispense_dispense-200mg-20260923_105014-b6b7e8.json,feedback_dispense_dispense-200mg-20260923_105014-b6b7e8_samples.csv,..\..\server\logs\feedback_dispense_dispense-200mg-20260923_105014-b6b7e8_samples.csv,predicted tail confirmed inside the acceptance window; stop ,predicted tail confirmed inside the acceptance window; stop for final stable weighing,"{""enabled"": true, ""prediction_horizon_s"": 0.7, ""fixed_tail_mass_mg"": 5.0, ""target_offset_mg"": 3.0, ""confirmation_samples"": 3, ""fast_stop_enabled"": false, ""fast_stop_rate_mg_s"": 20.0, ""fast_stop_confirmation_samples"": 1, ""projected_safety_stop_enabled"": false, ""projected_safety_stop_offset_mg"": 5.0, ""prediction_start_mass_mg"": 155.0, ""measured_safety_stop_mass_mg"": 190.0}"
3,dispense-200mg-20260923_105024-aeaa94,2026-09-23,10:50:24,润滑剂1,powder-20260817-100751-4e849e,闭环加粉,通过,200,210,10,0.05,10.78,25,predictive-stop-v2,True,True,True,True,feedback_dispense_dispense-200mg-20260923_105024-aeaa94.json,feedback_dispense_dispense-200mg-20260923_105024-aeaa94_samples.csv,..\..\server\logs\feedback_dispense_dispense-200mg-20260923_105024-aeaa94_samples.csv,predicted tail confirmed inside the acceptance window; stop ,predicted tail confirmed inside the acceptance window; stop for final stable weighing,"{""enabled"": true, ""prediction_horizon_s"": 0.7, ""fixed_tail_mass_mg"": 5.0, ""target_offset_mg"": 3.0, ""confirmation_samples"": 3, ""fast_stop_enabled"": false, ""fast_stop_rate_mg_s"": 20.0, ""fast_stop_confirmation_samples"": 1, ""projected_safety_stop_enabled"": false, ""projected_safety_stop_offset_mg"": 5.0, ""prediction_start_mass_mg"": 155.0, ""measured_safety_stop_mass_mg"": 190.0}"
4,dispense-200mg-20260923_105038-38c87f,2026-09-23,10:50:38,润滑剂1,powder-20260817-100751-4e849e,闭环加粉,失败,200,224,24,0.12,12,33,predictive-stop-v2,True,True,True,True,feedback_dispense_dispense-200mg-20260923_105038-38c87f.json,feedback_dispense_dispense-200mg-20260923_105038-38c87f_samples.csv,..\..\server\logs\feedback_dispense_dispense-200mg-20260923_105038-38c87f_samples.csv,force stop: mass 194.0 >= 190 mg,force stop: mass 194.0 >= 190 mg,"{""enabled"": true, ""prediction_horizon_s"": 0.7, ""fixed_tail_mass_mg"": 5.0, ""target_offset_mg"": 3.0, ""confirmation_samples"": 3, ""fast_stop_enabled"": false, ""fast_stop_rate_mg_s"": 20.0, ""fast_stop_confirmation_samples"": 1, ""projected_safety_stop_enabled"": false, ""projected_safety_stop_offset_mg"": 5.0, ""prediction_start_mass_mg"": 155.0, ""measured_safety_stop_mass_mg"": 190.0}"
5,dispense-200mg-20260923_105059-ddbcab,2026-09-23,10:50:59,润滑剂1,powder-20260817-100751-4e849e,闭环加粉,通过,200,207,7,0.035,14.34,42,predictive-stop-v2,True,True,True,True,feedback_dispense_dispense-200mg-20260923_105059-ddbcab.json,feedback_dispense_dispense-200mg-20260923_105059-ddbcab_samples.csv,..\..\server\logs\feedback_dispense_dispense-200mg-20260923_105059-ddbcab_samples.csv,predicted tail confirmed inside the acceptance window; stop ,predicted tail confirmed inside the acceptance window; stop for final stable weighing,"{""enabled"": true, ""prediction_horizon_s"": 0.7, ""fixed_tail_mass_mg"": 5.0, ""target_offset_mg"": 3.0, ""confirmation_samples"": 3, ""fast_stop_enabled"": false, ""fast_stop_rate_mg_s"": 20.0, ""fast_stop_confirmation_samples"": 1, ""projected_safety_stop_enabled"": false, ""projected_safety_stop_offset_mg"": 5.0, ""prediction_start_mass_mg"": 155.0, ""measured_safety_stop_mass_mg"": 190.0}"
6,dispense-200mg-20260923_105115-c69728,2026-09-23,10:51:15,润滑剂1,powder-20260817-100751-4e849e,闭环加粉,通过,200,201,1,0.005,15.61,46,predictive-stop-v2,True,True,True,True,feedback_dispense_dispense-200mg-20260923_105115-c69728.json,feedback_dispense_dispense-200mg-20260923_105115-c69728_samples.csv,..\..\server\logs\feedback_dispense_dispense-200mg-20260923_105115-c69728_samples.csv,predicted tail confirmed inside the acceptance window; stop ,predicted tail confirmed inside the acceptance window; stop for final stable weighing,"{""enabled"": true, ""prediction_horizon_s"": 0.7, ""fixed_tail_mass_mg"": 5.0, ""target_offset_mg"": 3.0, ""confirmation_samples"": 3, ""fast_stop_enabled"": false, ""fast_stop_rate_mg_s"": 20.0, ""fast_stop_confirmation_samples"": 1, ""projected_safety_stop_enabled"": false, ""projected_safety_stop_offset_mg"": 5.0, ""prediction_start_mass_mg"": 155.0, ""measured_safety_stop_mass_mg"": 190.0}"
7,dispense-200mg-20260923_105135-05cb24,2026-09-23,10:51:35,润滑剂1,powder-20260817-100751-4e849e,闭环加粉,失败,200,230,30,0.15,11,27,predictive-stop-v2,True,True,True,True,feedback_dispense_dispense-200mg-20260923_105135-05cb24.json,feedback_dispense_dispense-200mg-20260923_105135-05cb24_samples.csv,..\..\server\logs\feedback_dispense_dispense-200mg-20260923_105135-05cb24_samples.csv,predicted tail confirmed inside the acceptance window; stop ,predicted tail confirmed inside the acceptance window; stop for final stable weighing,"{""enabled"": true, ""prediction_horizon_s"": 0.7, ""fixed_tail_mass_mg"": 5.0, ""target_offset_mg"": 3.0, ""confirmation_samples"": 3, ""fast_stop_enabled"": false, ""fast_stop_rate_mg_s"": 20.0, ""fast_stop_confirmation_samples"": 1, ""projected_safety_stop_enabled"": false, ""projected_safety_stop_offset_mg"": 5.0, ""prediction_start_mass_mg"": 155.0, ""measured_safety_stop_mass_mg"": 190.0}"
8,dispense-200mg-20260923_105148-0c08b4,2026-09-23,10:51:48,润滑剂1,powder-20260817-100751-4e849e,闭环加粉,通过,200,207,7,0.035,26.28,93,predictive-stop-v2,True,True,True,True,feedback_dispense_dispense-200mg-20260923_105148-0c08b4.json,feedback_dispense_dispense-200mg-20260923_105148-0c08b4_samples.csv,..\..\server\logs\feedback_dispense_dispense-200mg-20260923_105148-0c08b4_samples.csv,force stop: mass 194.0 >= 190 mg,force stop: mass 194.0 >= 190 mg,"{""enabled"": true, ""prediction_horizon_s"": 0.7, ""fixed_tail_mass_mg"": 5.0, ""target_offset_mg"": 3.0, ""confirmation_samples"": 3, ""fast_stop_enabled"": false, ""fast_stop_rate_mg_s"": 20.0, ""fast_stop_confirmation_samples"": 1, ""projected_safety_stop_enabled"": false, ""projected_safety_stop_offset_mg"": 5.0, ""prediction_start_mass_mg"": 155.0, ""measured_safety_stop_mass_mg"": 190.0}"
9,dispense-200mg-20260923_105217-01fca2,2026-09-23,10:52:17,润滑剂1,powder-20260817-100751-4e849e,闭环加粉,失败,200,184,-16,-0.08,63.27,246,predictive-stop-v2,True,True,True,True,feedback_dispense_dispense-200mg-20260923_105217-01fca2.json,feedback_dispense_dispense-200mg-20260923_105217-01fca2_samples.csv,..\..\server\logs\feedback_dispense_dispense-200mg-20260923_105217-01fca2_samples.csv,predicted tail confirmed inside the acceptance window; stop ,predicted tail confirmed inside the acceptance window; stop for final stable weighing,"{""enabled"": true, ""prediction_horizon_s"": 0.7, ""fixed_tail_mass_mg"": 5.0, ""target_offset_mg"": 3.0, ""confirmation_samples"": 3, ""fast_stop_enabled"": false, ""fast_stop_rate_mg_s"": 20.0, ""fast_stop_confirmation_samples"": 1, ""projected_safety_stop_enabled"": false, ""projected_safety_stop_offset_mg"": 5.0, ""prediction_start_mass_mg"": 155.0, ""measured_safety_stop_mass_mg"": 190.0}"
10,large-dispense-2000mg-20260923_105942-7f9767,2026-09-23,10:59:42,润滑剂1,powder-20260817-100751-4e849e,闭环加粉,通过,2000,2009,9,0.0045,61.52,190,predictive-stop-v2,True,True,True,True,feedback_dispense_large-dispense-2000mg-20260923_105942-7f9767.json,feedback_dispense_large-dispense-2000mg-20260923_105942-7f9767_samples.csv,..\..\server\logs\feedback_dispense_large-dispense-2000mg-20260923_105942-7f9767_samples.csv,force stop: mass 1990.0 >= 1990 mg,force stop: mass 1990.0 >= 1990 mg,"{""enabled"": true, ""prediction_horizon_s"": 0.7, ""fixed_tail_mass_mg"": 5.0, ""target_offset_mg"": 3.0, ""confirmation_samples"": 3, ""fast_stop_enabled"": false, ""fast_stop_rate_mg_s"": 20.0, ""fast_stop_confirmation_samples"": 1, ""projected_safety_stop_enabled"": false, ""projected_safety_stop_offset_mg"": 5.0, ""prediction_start_mass_mg"": 1950.0, ""measured_safety_stop_mass_mg"": 1990.0}"
11,large-dispense-2000mg-20260923_110051-697dd0,2026-09-23,11:00:51,润滑剂1,powder-20260817-100751-4e849e,闭环加粉,通过,2000,1995,-5,-0.0025,35.22,103,predictive-stop-v2,True,True,True,True,feedback_dispense_large-dispense-2000mg-20260923_110051-697dd0.json,feedback_dispense_large-dispense-2000mg-20260923_110051-697dd0_samples.csv,..\..\server\logs\feedback_dispense_large-dispense-2000mg-20260923_110051-697dd0_samples.csv,predicted tail confirmed inside the acceptance window; stop ,predicted tail confirmed inside the acceptance window; stop for final stable weighing,"{""enabled"": true, ""prediction_horizon_s"": 0.7, ""fixed_tail_mass_mg"": 5.0, ""target_offset_mg"": 3.0, ""confirmation_samples"": 3, ""fast_stop_enabled"": false, ""fast_stop_rate_mg_s"": 20.0, ""fast_stop_confirmation_samples"": 1, ""projected_safety_stop_enabled"": false, ""projected_safety_stop_offset_mg"": 5.0, ""prediction_start_mass_mg"": 1950.0, ""measured_safety_stop_mass_mg"": 1990.0}"
12,large-dispense-2000mg-20260923_110129-eeb6c3,2026-09-23,11:01:29,润滑剂1,powder-20260817-100751-4e849e,闭环加粉,失败,2000,2030,30,0.015,52.5,177,predictive-stop-v2,True,True,True,True,feedback_dispense_large-dispense-2000mg-20260923_110129-eeb6c3.json,feedback_dispense_large-dispense-2000mg-20260923_110129-eeb6c3_samples.csv,..\..\server\logs\feedback_dispense_large-dispense-2000mg-20260923_110129-eeb6c3_samples.csv,force stop: mass 1998.0 >= 1990 mg,force stop: mass 1998.0 >= 1990 mg,"{""enabled"": true, ""prediction_horizon_s"": 0.7, ""fixed_tail_mass_mg"": 5.0, ""target_offset_mg"": 3.0, ""confirmation_samples"": 3, ""fast_stop_enabled"": false, ""fast_stop_rate_mg_s"": 20.0, ""fast_stop_confirmation_samples"": 1, ""projected_safety_stop_enabled"": false, ""projected_safety_stop_offset_mg"": 5.0, ""prediction_start_mass_mg"": 1950.0, ""measured_safety_stop_mass_mg"": 1990.0}"
13,large-dispense-2000mg-20260923_112215-0d80ff,2026-09-23,11:22:15,润滑剂1,powder-20260817-100751-4e849e,闭环加粉,失败,2000,2093,93,0.0465,61.33,221,predictive-stop-v2,True,True,True,True,feedback_dispense_large-dispense-2000mg-20260923_112215-0d80ff.json,feedback_dispense_large-dispense-2000mg-20260923_112215-0d80ff_samples.csv,..\..\server\logs\feedback_dispense_large-dispense-2000mg-20260923_112215-0d80ff_samples.csv,predicted tail confirmed inside the acceptance window; stop ,predicted tail confirmed inside the acceptance window; stop for final stable weighing,"{""enabled"": true, ""prediction_horizon_s"": 0.7, ""fixed_tail_mass_mg"": 5.0, ""target_offset_mg"": 3.0, ""confirmation_samples"": 3, ""fast_stop_enabled"": false, ""fast_stop_rate_mg_s"": 20.0, ""fast_stop_confirmation_samples"": 1, ""projected_safety_stop_enabled"": false, ""projected_safety_stop_offset_mg"": 5.0, ""prediction_start_mass_mg"": 1950.0, ""measured_safety_stop_mass_mg"": 1990.0}"
14,large-dispense-2000mg-20260923_112321-fd2f4b,2026-09-23,11:23:21,润滑剂1,powder-20260817-100751-4e849e,闭环加粉,通过,2000,2007,7,0.0035,40.36,127,predictive-stop-v2,True,True,True,True,feedback_dispense_large-dispense-2000mg-20260923_112321-fd2f4b.json,feedback_dispense_large-dispense-2000mg-20260923_112321-fd2f4b_samples.csv,..\..\server\logs\feedback_dispense_large-dispense-2000mg-20260923_112321-fd2f4b_samples.csv,force stop: mass 1993.0 >= 1990 mg,force stop: mass 1993.0 >= 1990 mg,"{""enabled"": true, ""prediction_horizon_s"": 0.7, ""fixed_tail_mass_mg"": 5.0, ""target_offset_mg"": 3.0, ""confirmation_samples"": 3, ""fast_stop_enabled"": false, ""fast_stop_rate_mg_s"": 20.0, ""fast_stop_confirmation_samples"": 1, ""projected_safety_stop_enabled"": false, ""projected_safety_stop_offset_mg"": 5.0, ""prediction_start_mass_mg"": 1950.0, ""measured_safety_stop_mass_mg"": 1990.0}"
15,large-dispense-2000mg-20260923_112436-256f61,2026-09-23,11:24:36,润滑剂1,powder-20260817-100751-4e849e,闭环加粉,失败,2000,2104,104,0.052,31.2,83,predictive-stop-v2,True,True,True,True,feedback_dispense_large-dispense-2000mg-20260923_112436-256f61.json,feedback_dispense_large-dispense-2000mg-20260923_112436-256f61_samples.csv,..\..\server\logs\feedback_dispense_large-dispense-2000mg-20260923_112436-256f61_samples.csv,force stop: mass 2002.0 >= 1990 mg,force stop: mass 2002.0 >= 1990 mg,"{""enabled"": true, ""prediction_horizon_s"": 0.7, ""fixed_tail_mass_mg"": 5.0, ""target_offset_mg"": 3.0, ""confirmation_samples"": 3, ""fast_stop_enabled"": false, ""fast_stop_rate_mg_s"": 20.0, ""fast_stop_confirmation_samples"": 1, ""projected_safety_stop_enabled"": false, ""projected_safety_stop_offset_mg"": 5.0, ""prediction_start_mass_mg"": 1950.0, ""measured_safety_stop_mass_mg"": 1990.0}"
16,large-dispense-2000mg-20260923_113138-dff533,2026-09-23,11:31:38,润滑剂1,powder-20260817-100751-4e849e,闭环加粉,失败,2000,2052,52,0.026,34.55,101,predictive-stop-v2,True,True,True,True,feedback_dispense_large-dispense-2000mg-20260923_113138-dff533.json,feedback_dispense_large-dispense-2000mg-20260923_113138-dff533_samples.csv,..\..\server\logs\feedback_dispense_large-dispense-2000mg-20260923_113138-dff533_samples.csv,force stop: mass 1995.0 >= 1990 mg,force stop: mass 1995.0 >= 1990 mg,"{""enabled"": true, ""prediction_horizon_s"": 0.7, ""fixed_tail_mass_mg"": 5.0, ""target_offset_mg"": 3.0, ""confirmation_samples"": 3, ""fast_stop_enabled"": false, ""fast_stop_rate_mg_s"": 20.0, ""fast_stop_confirmation_samples"": 1, ""projected_safety_stop_enabled"": false, ""projected_safety_stop_offset_mg"": 5.0, ""prediction_start_mass_mg"": 1950.0, ""measured_safety_stop_mass_mg"": 1990.0}"
17,large-dispense-2000mg-20260923_113214-f90d34,2026-09-23,11:32:14,润滑剂1,powder-20260817-100751-4e849e,闭环加粉,失败,2000,2033,33,0.0165,65.19,232,predictive-stop-v2,True,True,True,True,feedback_dispense_large-dispense-2000mg-20260923_113214-f90d34.json,feedback_dispense_large-dispense-2000mg-20260923_113214-f90d34_samples.csv,..\..\server\logs\feedback_dispense_large-dispense-2000mg-20260923_113214-f90d34_samples.csv,predicted tail confirmed inside the acceptance window; stop ,predicted tail confirmed inside the acceptance window; stop for final stable weighing,"{""enabled"": true, ""prediction_horizon_s"": 0.7, ""fixed_tail_mass_mg"": 5.0, ""target_offset_mg"": 3.0, ""confirmation_samples"": 3, ""fast_stop_enabled"": false, ""fast_stop_rate_mg_s"": 20.0, ""fast_stop_confirmation_samples"": 1, ""projected_safety_stop_enabled"": false, ""projected_safety_stop_offset_mg"": 5.0, ""prediction_start_mass_mg"": 1950.0, ""measured_safety_stop_mass_mg"": 1990.0}"
18,large-dispense-2000mg-20260923_113845-2fdaf5,2026-09-23,11:38:45,润滑剂1,powder-20260817-100751-4e849e,闭环加粉,通过,2000,1992,-8,-0.004,59.23,213,predictive-stop-v2,True,True,True,True,feedback_dispense_large-dispense-2000mg-20260923_113845-2fdaf5.json,feedback_dispense_large-dispense-2000mg-20260923_113845-2fdaf5_samples.csv,..\..\server\logs\feedback_dispense_large-dispense-2000mg-20260923_113845-2fdaf5_samples.csv,predicted tail confirmed inside the acceptance window; stop ,predicted tail confirmed inside the acceptance window; stop for final stable weighing,"{""enabled"": true, ""prediction_horizon_s"": 0.7, ""fixed_tail_mass_mg"": 5.0, ""target_offset_mg"": 3.0, ""confirmation_samples"": 3, ""fast_stop_enabled"": false, ""fast_stop_rate_mg_s"": 20.0, ""fast_stop_confirmation_samples"": 1, ""projected_safety_stop_enabled"": false, ""projected_safety_stop_offset_mg"": 5.0, ""prediction_start_mass_mg"": 1950.0, ""measured_safety_stop_mass_mg"": 1990.0}"
19,large-dispense-2000mg-20260923_113954-f13307,2026-09-23,11:39:54,润滑剂1,powder-20260817-100751-4e849e,闭环加粉,失败,2000,2109,109,0.0545,113.12,314,predictive-stop-v2,True,True,True,True,feedback_dispense_large-dispense-2000mg-20260923_113954-f13307.json,feedback_dispense_large-dispense-2000mg-20260923_113954-f13307_samples.csv,..\..\server\logs\feedback_dispense_large-dispense-2000mg-20260923_113954-f13307_samples.csv,predicted tail confirmed inside the acceptance window; stop ,predicted tail confirmed inside the acceptance window; stop for final stable weighing,"{""enabled"": true, ""prediction_horizon_s"": 0.7, ""fixed_tail_mass_mg"": 5.0, ""target_offset_mg"": 3.0, ""confirmation_samples"": 3, ""fast_stop_enabled"": false, ""fast_stop_rate_mg_s"": 20.0, ""fast_stop_confirmation_samples"": 1, ""projected_safety_stop_enabled"": false, ""projected_safety_stop_offset_mg"": 5.0, ""prediction_start_mass_mg"": 1950.0, ""measured_safety_stop_mass_mg"": 1990.0}"
20,large-dispense-2000mg-20260923_114156-42ba8b,2026-09-23,11:41:56,润滑剂1,powder-20260817-100751-4e849e,闭环加粉,失败,2000,2164,164,0.082,37.39,112,predictive-stop-v2,True,True,True,True,feedback_dispense_large-dispense-2000mg-20260923_114156-42ba8b.json,feedback_dispense_large-dispense-2000mg-20260923_114156-42ba8b_samples.csv,..\..\server\logs\feedback_dispense_large-dispense-2000mg-20260923_114156-42ba8b_samples.csv,force stop: mass 1992.0 >= 1990 mg,force stop: mass 1992.0 >= 1990 mg,"{""enabled"": true, ""prediction_horizon_s"": 0.7, ""fixed_tail_mass_mg"": 5.0, ""target_offset_mg"": 3.0, ""confirmation_samples"": 3, ""fast_stop_enabled"": false, ""fast_stop_rate_mg_s"": 20.0, ""fast_stop_confirmation_samples"": 1, ""projected_safety_stop_enabled"": false, ""projected_safety_stop_offset_mg"": 5.0, ""prediction_start_mass_mg"": 1950.0, ""measured_safety_stop_mass_mg"": 1990.0}"
21,large-dispense-2000mg-20260923_135324-3bd03d,2026-09-23,13:53:24,润滑剂1,powder-20260817-100751-4e849e,闭环加粉,失败,2000,2041,41,0.0205,53.52,171,predictive-stop-v2,True,True,True,True,feedback_dispense_large-dispense-2000mg-20260923_135324-3bd03d.json,feedback_dispense_large-dispense-2000mg-20260923_135324-3bd03d_samples.csv,..\..\server\logs\feedback_dispense_large-dispense-2000mg-20260923_135324-3bd03d_samples.csv,force stop: mass 1990.0 >= 1990 mg,force stop: mass 1990.0 >= 1990 mg,"{""enabled"": true, ""prediction_horizon_s"": 1.0, ""fixed_tail_mass_mg"": 5.0, ""target_offset_mg"": 3.0, ""confirmation_samples"": 3, ""fast_stop_enabled"": false, ""fast_stop_rate_mg_s"": 20.0, ""fast_stop_confirmation_samples"": 1, ""projected_safety_stop_enabled"": false, ""projected_safety_stop_offset_mg"": 5.0, ""prediction_start_mass_mg"": 1950.0, ""measured_safety_stop_mass_mg"": 1990.0}"
22,large-dispense-2000mg-20260923_135513-402929,2026-09-23,13:55:13,润滑剂1,powder-20260817-100751-4e849e,闭环加粉,失败,2000,2026,26,0.013,71.86,223,predictive-stop-v2,True,True,True,True,feedback_dispense_large-dispense-2000mg-20260923_135513-402929.json,feedback_dispense_large-dispense-2000mg-20260923_135513-402929_samples.csv,..\..\server\logs\feedback_dispense_large-dispense-2000mg-20260923_135513-402929_samples.csv,force stop: mass 1995.0 >= 1990 mg,force stop: mass 1995.0 >= 1990 mg,"{""enabled"": true, ""prediction_horizon_s"": 1.0, ""fixed_tail_mass_mg"": 5.0, ""target_offset_mg"": 3.0, ""confirmation_samples"": 3, ""fast_stop_enabled"": false, ""fast_stop_rate_mg_s"": 20.0, ""fast_stop_confirmation_samples"": 1, ""projected_safety_stop_enabled"": false, ""projected_safety_stop_offset_mg"": 5.0, ""prediction_start_mass_mg"": 1950.0, ""measured_safety_stop_mass_mg"": 1990.0}"
23,large-dispense-2000mg-20260923_135629-478ae3,2026-09-23,13:56:29,润滑剂1,powder-20260817-100751-4e849e,闭环加粉,失败,2000,1987,-13,-0.0065,189.7,610,predictive-stop-v2,True,True,True,True,feedback_dispense_large-dispense-2000mg-20260923_135629-478ae3.json,feedback_dispense_large-dispense-2000mg-20260923_135629-478ae3_samples.csv,..\..\server\logs\feedback_dispense_large-dispense-2000mg-20260923_135629-478ae3_samples.csv,predicted tail confirmed inside the acceptance window; stop ,predicted tail confirmed inside the acceptance window; stop for final stable weighing,"{""enabled"": true, ""prediction_horizon_s"": 1.0, ""fixed_tail_mass_mg"": 5.0, ""target_offset_mg"": 3.0, ""confirmation_samples"": 3, ""fast_stop_enabled"": false, ""fast_stop_rate_mg_s"": 20.0, ""fast_stop_confirmation_samples"": 1, ""projected_safety_stop_enabled"": false, ""projected_safety_stop_offset_mg"": 5.0, ""prediction_start_mass_mg"": 1950.0, ""measured_safety_stop_mass_mg"": 1990.0}"
24,large-dispense-2000mg-20260923_135941-2dc1b5,2026-09-23,13:59:41,润滑剂1,powder-20260817-100751-4e849e,闭环加粉,失败,2000,2035,35,0.0175,222.01,403,predictive-stop-v2,True,True,True,True,feedback_dispense_large-dispense-2000mg-20260923_135941-2dc1b5.json,feedback_dispense_large-dispense-2000mg-20260923_135941-2dc1b5_samples.csv,..\..\server\logs\feedback_dispense_large-dispense-2000mg-20260923_135941-2dc1b5_samples.csv,predicted tail confirmed inside the acceptance window; stop ,predicted tail confirmed inside the acceptance window; stop for final stable weighing,"{""enabled"": true, ""prediction_horizon_s"": 1.0, ""fixed_tail_mass_mg"": 5.0, ""target_offset_mg"": 3.0, ""confirmation_samples"": 3, ""fast_stop_enabled"": false, ""fast_stop_rate_mg_s"": 20.0, ""fast_stop_confirmation_samples"": 1, ""projected_safety_stop_enabled"": false, ""projected_safety_stop_offset_mg"": 5.0, ""prediction_start_mass_mg"": 1950.0, ""measured_safety_stop_mass_mg"": 1990.0}"
25,large-dispense-2000mg-20260923_140539-2a8ec8,2026-09-23,14:05:39,润滑剂1,powder-20260817-100751-4e849e,闭环加粉,失败,2000,2060,60,0.03,102.09,387,predictive-stop-v2,True,True,True,True,feedback_dispense_large-dispense-2000mg-20260923_140539-2a8ec8.json,feedback_dispense_large-dispense-2000mg-20260923_140539-2a8ec8_samples.csv,..\..\server\logs\feedback_dispense_large-dispense-2000mg-20260923_140539-2a8ec8_samples.csv,predicted tail confirmed inside the acceptance window; stop ,predicted tail confirmed inside the acceptance window; stop for final stable weighing,"{""enabled"": true, ""prediction_horizon_s"": 1.0, ""fixed_tail_mass_mg"": 5.0, ""target_offset_mg"": 3.0, ""confirmation_samples"": 3, ""fast_stop_enabled"": false, ""fast_stop_rate_mg_s"": 20.0, ""fast_stop_confirmation_samples"": 1, ""projected_safety_stop_enabled"": false, ""projected_safety_stop_offset_mg"": 5.0, ""prediction_start_mass_mg"": 1950.0, ""measured_safety_stop_mass_mg"": 1990.0}"
26,large-dispense-2000mg-20260923_142307-4a246e,2026-09-23,14:23:07,润滑剂1,powder-20260817-100751-4e849e,闭环加粉,失败,2000,2082,82,0.041,84.53,309,predictive-stop-v2,True,True,True,True,feedback_dispense_large-dispense-2000mg-20260923_142307-4a246e.json,feedback_dispense_large-dispense-2000mg-20260923_142307-4a246e_samples.csv,..\..\server\logs\feedback_dispense_large-dispense-2000mg-20260923_142307-4a246e_samples.csv,predicted tail confirmed inside the acceptance window; stop ,predicted tail confirmed inside the acceptance window; stop for final stable weighing,"{""enabled"": true, ""prediction_horizon_s"": 1.0, ""fixed_tail_mass_mg"": 5.0, ""target_offset_mg"": 3.0, ""confirmation_samples"": 3, ""fast_stop_enabled"": false, ""fast_stop_rate_mg_s"": 20.0, ""fast_stop_confirmation_samples"": 1, ""projected_safety_stop_enabled"": false, ""projected_safety_stop_offset_mg"": 5.0, ""prediction_start_mass_mg"": 1950.0, ""measured_safety_stop_mass_mg"": 1990.0}"
27,dispense-500mg-20260923_142444-228ebf,2026-09-23,14:24:44,润滑剂1,powder-20260817-100751-4e849e,闭环加粉(500mg),失败,500,525,25,0.05,19.88,65,predictive-stop-v2,True,True,True,True,feedback_dispense_dispense-500mg-20260923_142444-228ebf.json,feedback_dispense_dispense-500mg-20260923_142444-228ebf_samples.csv,..\..\server\logs\feedback_dispense_dispense-500mg-20260923_142444-228ebf_samples.csv,predicted tail confirmed inside the acceptance window; stop ,predicted tail confirmed inside the acceptance window; stop for final stable weighing,"{""enabled"": true, ""prediction_horizon_s"": 1.0, ""fixed_tail_mass_mg"": 5.0, ""target_offset_mg"": 3.0, ""confirmation_samples"": 3, ""fast_stop_enabled"": false, ""fast_stop_rate_mg_s"": 20.0, ""fast_stop_confirmation_samples"": 1, ""projected_safety_stop_enabled"": false, ""projected_safety_stop_offset_mg"": 5.0, ""prediction_start_mass_mg"": 450.0, ""measured_safety_stop_mass_mg"": 490.0}"
28,dispense-200mg-20260923_142511-e0db62,2026-09-23,14:25:11,润滑剂1,powder-20260817-100751-4e849e,闭环加粉,失败,200,215,15,0.075,14.39,44,predictive-stop-v2,True,True,True,True,feedback_dispense_dispense-200mg-20260923_142511-e0db62.json,feedback_dispense_dispense-200mg-20260923_142511-e0db62_samples.csv,..\..\server\logs\feedback_dispense_dispense-200mg-20260923_142511-e0db62_samples.csv,force stop: mass 193.0 >= 190 mg,force stop: mass 193.0 >= 190 mg,"{""enabled"": true, ""prediction_horizon_s"": 1.0, ""fixed_tail_mass_mg"": 5.0, ""target_offset_mg"": 3.0, ""confirmation_samples"": 3, ""fast_stop_enabled"": false, ""fast_stop_rate_mg_s"": 20.0, ""fast_stop_confirmation_samples"": 1, ""projected_safety_stop_enabled"": false, ""projected_safety_stop_offset_mg"": 5.0, ""prediction_start_mass_mg"": 155.0, ""measured_safety_stop_mass_mg"": 190.0}"
29,dispense-200mg-20260923_142528-5d2dc6,2026-09-23,14:25:28,润滑剂1,powder-20260817-100751-4e849e,闭环加粉,通过,200,198,-2,-0.01,28.33,103,predictive-stop-v2,True,True,True,True,feedback_dispense_dispense-200mg-20260923_142528-5d2dc6.json,feedback_dispense_dispense-200mg-20260923_142528-5d2dc6_samples.csv,..\..\server\logs\feedback_dispense_dispense-200mg-20260923_142528-5d2dc6_samples.csv,predicted tail confirmed inside the acceptance window; stop ,predicted tail confirmed inside the acceptance window; stop for final stable weighing,"{""enabled"": true, ""prediction_horizon_s"": 1.0, ""fixed_tail_mass_mg"": 5.0, ""target_offset_mg"": 3.0, ""confirmation_samples"": 3, ""fast_stop_enabled"": false, ""fast_stop_rate_mg_s"": 20.0, ""fast_stop_confirmation_samples"": 1, ""projected_safety_stop_enabled"": false, ""projected_safety_stop_offset_mg"": 5.0, ""prediction_start_mass_mg"": 155.0, ""measured_safety_stop_mass_mg"": 190.0}"
30,large-dispense-2000mg-20260923_142831-eaeee0,2026-09-23,14:28:31,润滑剂1,powder-20260817-100751-4e849e,闭环加粉,通过,2000,1992,-8,-0.004,38.66,116,predictive-stop-v2,True,True,True,True,feedback_dispense_large-dispense-2000mg-20260923_142831-eaeee0.json,feedback_dispense_large-dispense-2000mg-20260923_142831-eaeee0_samples.csv,..\..\server\logs\feedback_dispense_large-dispense-2000mg-20260923_142831-eaeee0_samples.csv,predicted tail confirmed inside the acceptance window; stop ,predicted tail confirmed inside the acceptance window; stop for final stable weighing,"{""enabled"": true, ""prediction_horizon_s"": 1.0, ""fixed_tail_mass_mg"": 5.0, ""target_offset_mg"": 3.0, ""confirmation_samples"": 3, ""fast_stop_enabled"": false, ""fast_stop_rate_mg_s"": 20.0, ""fast_stop_confirmation_samples"": 1, ""projected_safety_stop_enabled"": false, ""projected_safety_stop_offset_mg"": 5.0, ""prediction_start_mass_mg"": 1950.0, ""measured_safety_stop_mass_mg"": 1990.0}"
31,dispense-200mg-20260923_143543-d5516a,2026-09-23,14:35:43,润滑剂1,powder-20260817-100751-4e849e,闭环加粉,通过,200,198,-2,-0.01,41,149,predictive-stop-v2,True,True,True,True,feedback_dispense_dispense-200mg-20260923_143543-d5516a.json,feedback_dispense_dispense-200mg-20260923_143543-d5516a_samples.csv,..\..\server\logs\feedback_dispense_dispense-200mg-20260923_143543-d5516a_samples.csv,predicted tail confirmed inside the acceptance window; stop ,predicted tail confirmed inside the acceptance window; stop for final stable weighing,"{""enabled"": true, ""prediction_horizon_s"": 1.0, ""fixed_tail_mass_mg"": 5.0, ""target_offset_mg"": 3.0, ""confirmation_samples"": 3, ""fast_stop_enabled"": false, ""fast_stop_rate_mg_s"": 20.0, ""fast_stop_confirmation_samples"": 1, ""projected_safety_stop_enabled"": false, ""projected_safety_stop_offset_mg"": 5.0, ""prediction_start_mass_mg"": 155.0, ""measured_safety_stop_mass_mg"": 190.0}"
32,dispense-200mg-20260923_143626-3e7482,2026-09-23,14:36:26,润滑剂1,powder-20260817-100751-4e849e,闭环加粉,通过,200,190,-10,-0.05,34.27,124,predictive-stop-v2,True,True,True,True,feedback_dispense_dispense-200mg-20260923_143626-3e7482.json,feedback_dispense_dispense-200mg-20260923_143626-3e7482_samples.csv,..\..\server\logs\feedback_dispense_dispense-200mg-20260923_143626-3e7482_samples.csv,force stop: mass 190.0 >= 190 mg,force stop: mass 190.0 >= 190 mg,"{""enabled"": true, ""prediction_horizon_s"": 1.0, ""fixed_tail_mass_mg"": 5.0, ""target_offset_mg"": 3.0, ""confirmation_samples"": 3, ""fast_stop_enabled"": false, ""fast_stop_rate_mg_s"": 20.0, ""fast_stop_confirmation_samples"": 1, ""projected_safety_stop_enabled"": false, ""projected_safety_stop_offset_mg"": 5.0, ""prediction_start_mass_mg"": 155.0, ""measured_safety_stop_mass_mg"": 190.0}"
33,dispense-200mg-20260923_143704-c2e7c6,2026-09-23,14:37:04,润滑剂1,powder-20260817-100751-4e849e,闭环加粉,通过,200,196,-4,-0.02,190.92,790,predictive-stop-v2,True,True,True,True,feedback_dispense_dispense-200mg-20260923_143704-c2e7c6.json,feedback_dispense_dispense-200mg-20260923_143704-c2e7c6_samples.csv,..\..\server\logs\feedback_dispense_dispense-200mg-20260923_143704-c2e7c6_samples.csv,force stop: mass 191.0 >= 190 mg,force stop: mass 191.0 >= 190 mg,"{""enabled"": true, ""prediction_horizon_s"": 1.0, ""fixed_tail_mass_mg"": 5.0, ""target_offset_mg"": 3.0, ""confirmation_samples"": 3, ""fast_stop_enabled"": false, ""fast_stop_rate_mg_s"": 20.0, ""fast_stop_confirmation_samples"": 1, ""projected_safety_stop_enabled"": false, ""projected_safety_stop_offset_mg"": 5.0, ""prediction_start_mass_mg"": 155.0, ""measured_safety_stop_mass_mg"": 190.0}"
34,large-dispense-5000mg-20260923_153212-3d8453,2026-09-23,15:32:12,润滑剂1,powder-20260817-100751-4e849e,闭环加粉,通过,5000,4999,-1,-0.0002,138.88,542,predictive-stop-v2,True,True,True,True,feedback_dispense_large-dispense-5000mg-20260923_153212-3d8453.json,feedback_dispense_large-dispense-5000mg-20260923_153212-3d8453_samples.csv,..\..\server\logs\feedback_dispense_large-dispense-5000mg-20260923_153212-3d8453_samples.csv,predicted tail confirmed inside the acceptance window; stop ,predicted tail confirmed inside the acceptance window; stop for final stable weighing,"{""enabled"": true, ""prediction_horizon_s"": 1.0, ""fixed_tail_mass_mg"": 5.0, ""target_offset_mg"": 3.0, ""confirmation_samples"": 3, ""fast_stop_enabled"": false, ""fast_stop_rate_mg_s"": 20.0, ""fast_stop_confirmation_samples"": 1, ""projected_safety_stop_enabled"": false, ""projected_safety_stop_offset_mg"": 5.0, ""prediction_start_mass_mg"": 4950.0, ""measured_safety_stop_mass_mg"": 4990.0}"
35,large-dispense-5000mg-20260923_155137-a7e0fa,2026-09-23,15:51:37,封堵剂1,powder-20260814-143554-702da0,闭环加粉,失败,5000,5038,38,0.0076,85.7,320,predictive-stop-v2,True,True,True,True,feedback_dispense_large-dispense-5000mg-20260923_155137-a7e0fa.json,feedback_dispense_large-dispense-5000mg-20260923_155137-a7e0fa_samples.csv,..\..\server\logs\feedback_dispense_large-dispense-5000mg-20260923_155137-a7e0fa_samples.csv,predicted tail confirmed inside the acceptance window; stop ,predicted tail confirmed inside the acceptance window; stop for final stable weighing,"{""enabled"": true, ""prediction_horizon_s"": 1.0, ""fixed_tail_mass_mg"": 5.0, ""target_offset_mg"": 3.0, ""confirmation_samples"": 2, ""fast_stop_enabled"": false, ""fast_stop_rate_mg_s"": 20.0, ""fast_stop_confirmation_samples"": 1, ""projected_safety_stop_enabled"": false, ""projected_safety_stop_offset_mg"": 5.0, ""prediction_start_mass_mg"": 4950.0, ""measured_safety_stop_mass_mg"": 4990.0}"
36,large-dispense-5000mg-20260923_155305-2071c5,2026-09-23,15:53:05,封堵剂1,powder-20260814-143554-702da0,闭环加粉,失败,5000,5027,27,0.0054,103.42,395,predictive-stop-v2,True,True,True,True,feedback_dispense_large-dispense-5000mg-20260923_155305-2071c5.json,feedback_dispense_large-dispense-5000mg-20260923_155305-2071c5_samples.csv,..\..\server\logs\feedback_dispense_large-dispense-5000mg-20260923_155305-2071c5_samples.csv,predicted tail confirmed inside the acceptance window; stop ,predicted tail confirmed inside the acceptance window; stop for final stable weighing,"{""enabled"": true, ""prediction_horizon_s"": 1.0, ""fixed_tail_mass_mg"": 5.0, ""target_offset_mg"": 3.0, ""confirmation_samples"": 2, ""fast_stop_enabled"": false, ""fast_stop_rate_mg_s"": 20.0, ""fast_stop_confirmation_samples"": 1, ""projected_safety_stop_enabled"": false, ""projected_safety_stop_offset_mg"": 5.0, ""prediction_start_mass_mg"": 4950.0, ""measured_safety_stop_mass_mg"": 4990.0}"
37,large-dispense-5000mg-20260923_155455-c97dc8,2026-09-23,15:54:55,封堵剂1,powder-20260814-143554-702da0,闭环加粉,通过,5000,5000,0,0,86.8,316,predictive-stop-v2,True,True,True,True,feedback_dispense_large-dispense-5000mg-20260923_155455-c97dc8.json,feedback_dispense_large-dispense-5000mg-20260923_155455-c97dc8_samples.csv,..\..\server\logs\feedback_dispense_large-dispense-5000mg-20260923_155455-c97dc8_samples.csv,predicted tail confirmed inside the acceptance window; stop ,predicted tail confirmed inside the acceptance window; stop for final stable weighing,"{""enabled"": true, ""prediction_horizon_s"": 1.0, ""fixed_tail_mass_mg"": 5.0, ""target_offset_mg"": 3.0, ""confirmation_samples"": 2, ""fast_stop_enabled"": false, ""fast_stop_rate_mg_s"": 20.0, ""fast_stop_confirmation_samples"": 1, ""projected_safety_stop_enabled"": false, ""projected_safety_stop_offset_mg"": 5.0, ""prediction_start_mass_mg"": 4950.0, ""measured_safety_stop_mass_mg"": 4990.0}"
38,large-dispense-5000mg-20260923_155650-fb66a0,2026-09-23,15:56:50,封堵剂1,powder-20260814-143554-702da0,闭环加粉,失败,5000,5025,25,0.005,94.84,353,predictive-stop-v2,True,True,True,True,feedback_dispense_large-dispense-5000mg-20260923_155650-fb66a0.json,feedback_dispense_large-dispense-5000mg-20260923_155650-fb66a0_samples.csv,..\..\server\logs\feedback_dispense_large-dispense-5000mg-20260923_155650-fb66a0_samples.csv,predicted tail confirmed inside the acceptance window; stop ,predicted tail confirmed inside the acceptance window; stop for final stable weighing,"{""enabled"": true, ""prediction_horizon_s"": 1.0, ""fixed_tail_mass_mg"": 5.0, ""target_offset_mg"": 3.0, ""confirmation_samples"": 2, ""fast_stop_enabled"": false, ""fast_stop_rate_mg_s"": 20.0, ""fast_stop_confirmation_samples"": 1, ""projected_safety_stop_enabled"": false, ""projected_safety_stop_offset_mg"": 5.0, ""prediction_start_mass_mg"": 4950.0, ""measured_safety_stop_mass_mg"": 4990.0}"
39,large-dispense-5000mg-20260923_160148-34abf6,2026-09-23,16:01:48,封堵剂1,powder-20260814-143554-702da0,闭环加粉,失败,5000,5019,19,0.0038,86.7,319,predictive-stop-v2,True,True,True,True,feedback_dispense_large-dispense-5000mg-20260923_160148-34abf6.json,feedback_dispense_large-dispense-5000mg-20260923_160148-34abf6_samples.csv,..\..\server\logs\feedback_dispense_large-dispense-5000mg-20260923_160148-34abf6_samples.csv,predicted tail confirmed inside the acceptance window; stop ,predicted tail confirmed inside the acceptance window; stop for final stable weighing,"{""enabled"": true, ""prediction_horizon_s"": 1.0, ""fixed_tail_mass_mg"": 5.0, ""target_offset_mg"": 3.0, ""confirmation_samples"": 2, ""fast_stop_enabled"": false, ""fast_stop_rate_mg_s"": 20.0, ""fast_stop_confirmation_samples"": 1, ""projected_safety_stop_enabled"": false, ""projected_safety_stop_offset_mg"": 5.0, ""prediction_start_mass_mg"": 4950.0, ""measured_safety_stop_mass_mg"": 4990.0}"
40,large-dispense-5000mg-20260923_160325-33f3b3,2026-09-23,16:03:25,封堵剂1,powder-20260814-143554-702da0,闭环加粉,失败,5000,5039,39,0.0078,92.94,334,predictive-stop-v2,True,True,True,True,feedback_dispense_large-dispense-5000mg-20260923_160325-33f3b3.json,feedback_dispense_large-dispense-5000mg-20260923_160325-33f3b3_samples.csv,..\..\server\logs\feedback_dispense_large-dispense-5000mg-20260923_160325-33f3b3_samples.csv,predicted tail confirmed inside the acceptance window; stop ,predicted tail confirmed inside the acceptance window; stop for final stable weighing,"{""enabled"": true, ""prediction_horizon_s"": 1.0, ""fixed_tail_mass_mg"": 5.0, ""target_offset_mg"": 3.0, ""confirmation_samples"": 2, ""fast_stop_enabled"": false, ""fast_stop_rate_mg_s"": 20.0, ""fast_stop_confirmation_samples"": 1, ""projected_safety_stop_enabled"": false, ""projected_safety_stop_offset_mg"": 5.0, ""prediction_start_mass_mg"": 4950.0, ""measured_safety_stop_mass_mg"": 4990.0}"
41,large-dispense-5000mg-20260923_160508-9845a8,2026-09-23,16:05:08,封堵剂1,powder-20260814-143554-702da0,闭环加粉,失败,5000,5020,20,0.004,107.75,404,predictive-stop-v2,True,True,True,True,feedback_dispense_large-dispense-5000mg-20260923_160508-9845a8.json,feedback_dispense_large-dispense-5000mg-20260923_160508-9845a8_samples.csv,..\..\server\logs\feedback_dispense_large-dispense-5000mg-20260923_160508-9845a8_samples.csv,predicted tail confirmed inside the acceptance window; stop ,predicted tail confirmed inside the acceptance window; stop for final stable weighing,"{""enabled"": true, ""prediction_horizon_s"": 1.0, ""fixed_tail_mass_mg"": 5.0, ""target_offset_mg"": 3.0, ""confirmation_samples"": 2, ""fast_stop_enabled"": false, ""fast_stop_rate_mg_s"": 20.0, ""fast_stop_confirmation_samples"": 1, ""projected_safety_stop_enabled"": false, ""projected_safety_stop_offset_mg"": 5.0, ""prediction_start_mass_mg"": 4950.0, ""measured_safety_stop_mass_mg"": 4990.0}"
42,large-dispense-5000mg-20260923_161110-a7298f,2026-09-23,16:11:10,封堵剂1,powder-20260814-143554-702da0,闭环加粉,失败,5000,5022,22,0.0044,94.09,355,predictive-stop-v2,True,True,True,True,feedback_dispense_large-dispense-5000mg-20260923_161110-a7298f.json,feedback_dispense_large-dispense-5000mg-20260923_161110-a7298f_samples.csv,..\..\server\logs\feedback_dispense_large-dispense-5000mg-20260923_161110-a7298f_samples.csv,predicted tail confirmed inside the acceptance window; stop ,predicted tail confirmed inside the acceptance window; stop for final stable weighing,"{""enabled"": true, ""prediction_horizon_s"": 1.0, ""fixed_tail_mass_mg"": 5.0, ""target_offset_mg"": 3.0, ""confirmation_samples"": 2, ""fast_stop_enabled"": false, ""fast_stop_rate_mg_s"": 20.0, ""fast_stop_confirmation_samples"": 1, ""projected_safety_stop_enabled"": false, ""projected_safety_stop_offset_mg"": 5.0, ""prediction_start_mass_mg"": 4950.0, ""measured_safety_stop_mass_mg"": 4990.0}"
43,large-dispense-5000mg-20260923_161248-ffb78d,2026-09-23,16:12:48,封堵剂1,powder-20260814-143554-702da0,闭环加粉,失败,5000,5043,43,0.0086,104.05,389,predictive-stop-v2,True,True,True,True,feedback_dispense_large-dispense-5000mg-20260923_161248-ffb78d.json,feedback_dispense_large-dispense-5000mg-20260923_161248-ffb78d_samples.csv,..\..\server\logs\feedback_dispense_large-dispense-5000mg-20260923_161248-ffb78d_samples.csv,predicted tail confirmed inside the acceptance window; stop ,predicted tail confirmed inside the acceptance window; stop for final stable weighing,"{""enabled"": true, ""prediction_horizon_s"": 1.0, ""fixed_tail_mass_mg"": 5.0, ""target_offset_mg"": 3.0, ""confirmation_samples"": 2, ""fast_stop_enabled"": false, ""fast_stop_rate_mg_s"": 20.0, ""fast_stop_confirmation_samples"": 1, ""projected_safety_stop_enabled"": false, ""projected_safety_stop_offset_mg"": 5.0, ""prediction_start_mass_mg"": 4950.0, ""measured_safety_stop_mass_mg"": 4990.0}"
44,large-dispense-5000mg-20260923_161446-cbfed3,2026-09-23,16:14:46,封堵剂1,powder-20260814-143554-702da0,闭环加粉,失败,5000,5013,13,0.0026,114.72,437,predictive-stop-v2,True,True,True,True,feedback_dispense_large-dispense-5000mg-20260923_161446-cbfed3.json,feedback_dispense_large-dispense-5000mg-20260923_161446-cbfed3_samples.csv,..\..\server\logs\feedback_dispense_large-dispense-5000mg-20260923_161446-cbfed3_samples.csv,predicted tail confirmed inside the acceptance window; stop ,predicted tail confirmed inside the acceptance window; stop for final stable weighing,"{""enabled"": true, ""prediction_horizon_s"": 1.0, ""fixed_tail_mass_mg"": 5.0, ""target_offset_mg"": 3.0, ""confirmation_samples"": 2, ""fast_stop_enabled"": false, ""fast_stop_rate_mg_s"": 20.0, ""fast_stop_confirmation_samples"": 1, ""projected_safety_stop_enabled"": false, ""projected_safety_stop_offset_mg"": 5.0, ""prediction_start_mass_mg"": 4950.0, ""measured_safety_stop_mass_mg"": 4990.0}"
45,large-dispense-5000mg-20260923_161709-8a95c5,2026-09-23,16:17:09,封堵剂1,powder-20260814-143554-702da0,闭环加粉,通过,5000,4991,-9,-0.0018,92.61,352,predictive-stop-v2,True,True,True,True,feedback_dispense_large-dispense-5000mg-20260923_161709-8a95c5.json,feedback_dispense_large-dispense-5000mg-20260923_161709-8a95c5_samples.csv,..\..\server\logs\feedback_dispense_large-dispense-5000mg-20260923_161709-8a95c5_samples.csv,predicted tail confirmed inside the acceptance window; stop ,predicted tail confirmed inside the acceptance window; stop for final stable weighing,"{""enabled"": true, ""prediction_horizon_s"": 1.0, ""fixed_tail_mass_mg"": 5.0, ""target_offset_mg"": 3.0, ""confirmation_samples"": 2, ""fast_stop_enabled"": false, ""fast_stop_rate_mg_s"": 20.0, ""fast_stop_confirmation_samples"": 1, ""projected_safety_stop_enabled"": false, ""projected_safety_stop_offset_mg"": 5.0, ""prediction_start_mass_mg"": 4950.0, ""measured_safety_stop_mass_mg"": 4990.0}"
46,large-dispense-5000mg-20260923_162305-dbfc9a,2026-09-23,16:23:05,封堵剂1,powder-20260814-143554-702da0,闭环加粉,通过,5000,5006,6,0.0012,96.03,353,predictive-stop-v2,True,True,True,True,feedback_dispense_large-dispense-5000mg-20260923_162305-dbfc9a.json,feedback_dispense_large-dispense-5000mg-20260923_162305-dbfc9a_samples.csv,..\..\server\logs\feedback_dispense_large-dispense-5000mg-20260923_162305-dbfc9a_samples.csv,predicted tail confirmed inside the acceptance window; stop ,predicted tail confirmed inside the acceptance window; stop for final stable weighing,"{""enabled"": true, ""prediction_horizon_s"": 1.0, ""fixed_tail_mass_mg"": 5.0, ""target_offset_mg"": 3.0, ""confirmation_samples"": 2, ""fast_stop_enabled"": false, ""fast_stop_rate_mg_s"": 20.0, ""fast_stop_confirmation_samples"": 1, ""projected_safety_stop_enabled"": false, ""projected_safety_stop_offset_mg"": 5.0, ""prediction_start_mass_mg"": 4950.0, ""measured_safety_stop_mass_mg"": 4990.0}"
47,large-dispense-5000mg-20260923_162516-d0a27d,2026-09-23,16:25:16,封堵剂1,powder-20260814-143554-702da0,闭环加粉,失败,5000,5021,21,0.0042,87.28,317,predictive-stop-v2,True,True,True,True,feedback_dispense_large-dispense-5000mg-20260923_162516-d0a27d.json,feedback_dispense_large-dispense-5000mg-20260923_162516-d0a27d_samples.csv,..\..\server\logs\feedback_dispense_large-dispense-5000mg-20260923_162516-d0a27d_samples.csv,predicted tail confirmed inside the acceptance window; stop ,predicted tail confirmed inside the acceptance window; stop for final stable weighing,"{""enabled"": true, ""prediction_horizon_s"": 1.0, ""fixed_tail_mass_mg"": 5.0, ""target_offset_mg"": 3.0, ""confirmation_samples"": 2, ""fast_stop_enabled"": false, ""fast_stop_rate_mg_s"": 20.0, ""fast_stop_confirmation_samples"": 1, ""projected_safety_stop_enabled"": false, ""projected_safety_stop_offset_mg"": 5.0, ""prediction_start_mass_mg"": 4950.0, ""measured_safety_stop_mass_mg"": 4990.0}"
48,dispense-500mg-20260923_162734-a263df,2026-09-23,16:27:34,封堵剂1,powder-20260814-143554-702da0,闭环加粉(500mg),通过,500,510,10,0.02,19.66,57,predictive-stop-v2,True,True,True,True,feedback_dispense_dispense-500mg-20260923_162734-a263df.json,feedback_dispense_dispense-500mg-20260923_162734-a263df_samples.csv,..\..\server\logs\feedback_dispense_dispense-500mg-20260923_162734-a263df_samples.csv,predicted tail confirmed inside the acceptance window; stop ,predicted tail confirmed inside the acceptance window; stop for final stable weighing,"{""enabled"": true, ""prediction_horizon_s"": 1.0, ""fixed_tail_mass_mg"": 5.0, ""target_offset_mg"": 3.0, ""confirmation_samples"": 2, ""fast_stop_enabled"": false, ""fast_stop_rate_mg_s"": 20.0, ""fast_stop_confirmation_samples"": 1, ""projected_safety_stop_enabled"": false, ""projected_safety_stop_offset_mg"": 5.0, ""prediction_start_mass_mg"": 450.0, ""measured_safety_stop_mass_mg"": 490.0}"
49,large-dispense-5000mg-20260923_162758-ab7dd3,2026-09-23,16:27:58,封堵剂1,powder-20260814-143554-702da0,闭环加粉,通过,5000,4993,-7,-0.0014,86.16,316,predictive-stop-v2,True,True,True,True,feedback_dispense_large-dispense-5000mg-20260923_162758-ab7dd3.json,feedback_dispense_large-dispense-5000mg-20260923_162758-ab7dd3_samples.csv,..\..\server\logs\feedback_dispense_large-dispense-5000mg-20260923_162758-ab7dd3_samples.csv,predicted tail confirmed inside the acceptance window; stop ,predicted tail confirmed inside the acceptance window; stop for final stable weighing,"{""enabled"": true, ""prediction_horizon_s"": 1.0, ""fixed_tail_mass_mg"": 5.0, ""target_offset_mg"": 3.0, ""confirmation_samples"": 2, ""fast_stop_enabled"": false, ""fast_stop_rate_mg_s"": 20.0, ""fast_stop_confirmation_samples"": 1, ""projected_safety_stop_enabled"": false, ""projected_safety_stop_offset_mg"": 5.0, ""prediction_start_mass_mg"": 4950.0, ""measured_safety_stop_mass_mg"": 4990.0}"
50,large-dispense-5000mg-20260923_163218-d67329,2026-09-23,16:32:18,封堵剂1,powder-20260814-143554-702da0,闭环加粉,失败,5000,5018,18,0.0036,83.3,304,predictive-stop-v2,True,True,True,True,feedback_dispense_large-dispense-5000mg-20260923_163218-d67329.json,feedback_dispense_large-dispense-5000mg-20260923_163218-d67329_samples.csv,..\..\server\logs\feedback_dispense_large-dispense-5000mg-20260923_163218-d67329_samples.csv,predicted tail confirmed inside the acceptance window; stop ,predicted tail confirmed inside the acceptance window; stop for final stable weighing,"{""enabled"": true, ""prediction_horizon_s"": 1.0, ""fixed_tail_mass_mg"": 5.0, ""target_offset_mg"": 3.0, ""confirmation_samples"": 2, ""fast_stop_enabled"": false, ""fast_stop_rate_mg_s"": 20.0, ""fast_stop_confirmation_samples"": 1, ""projected_safety_stop_enabled"": false, ""projected_safety_stop_offset_mg"": 5.0, ""prediction_start_mass_mg"": 4950.0, ""measured_safety_stop_mass_mg"": 4990.0}"
51,large-dispense-5000mg-20260923_163630-a6d5da,2026-09-23,16:36:30,封堵剂1,powder-20260814-143554-702da0,闭环加粉,失败,5000,5053,53,0.0106,152.14,483,predictive-stop-v2,True,True,True,True,feedback_dispense_large-dispense-5000mg-20260923_163630-a6d5da.json,feedback_dispense_large-dispense-5000mg-20260923_163630-a6d5da_samples.csv,..\..\server\logs\feedback_dispense_large-dispense-5000mg-20260923_163630-a6d5da_samples.csv,predicted tail confirmed inside the acceptance window; stop ,predicted tail confirmed inside the acceptance window; stop for final stable weighing,"{""enabled"": true, ""prediction_horizon_s"": 1.0, ""fixed_tail_mass_mg"": 5.0, ""target_offset_mg"": 3.0, ""confirmation_samples"": 2, ""fast_stop_enabled"": false, ""fast_stop_rate_mg_s"": 20.0, ""fast_stop_confirmation_samples"": 1, ""projected_safety_stop_enabled"": false, ""projected_safety_stop_offset_mg"": 5.0, ""prediction_start_mass_mg"": 4950.0, ""measured_safety_stop_mass_mg"": 4990.0}"
52,large-dispense-5000mg-20260923_163914-92633d,2026-09-23,16:39:14,封堵剂1,powder-20260814-143554-702da0,闭环加粉,失败,5000,5039,39,0.0078,114.64,438,predictive-stop-v2,True,True,True,True,feedback_dispense_large-dispense-5000mg-20260923_163914-92633d.json,feedback_dispense_large-dispense-5000mg-20260923_163914-92633d_samples.csv,..\..\server\logs\feedback_dispense_large-dispense-5000mg-20260923_163914-92633d_samples.csv,predicted tail confirmed inside the acceptance window; stop ,predicted tail confirmed inside the acceptance window; stop for final stable weighing,"{""enabled"": true, ""prediction_horizon_s"": 1.0, ""fixed_tail_mass_mg"": 5.0, ""target_offset_mg"": 3.0, ""confirmation_samples"": 2, ""fast_stop_enabled"": false, ""fast_stop_rate_mg_s"": 20.0, ""fast_stop_confirmation_samples"": 1, ""projected_safety_stop_enabled"": false, ""projected_safety_stop_offset_mg"": 5.0, ""prediction_start_mass_mg"": 4950.0, ""measured_safety_stop_mass_mg"": 4990.0}"
53,large-dispense-5000mg-20260923_164111-c9f9df,2026-09-23,16:41:11,封堵剂1,powder-20260814-143554-702da0,闭环加粉,失败,5000,5031,31,0.0062,115.3,434,predictive-stop-v2,True,True,True,True,feedback_dispense_large-dispense-5000mg-20260923_164111-c9f9df.json,feedback_dispense_large-dispense-5000mg-20260923_164111-c9f9df_samples.csv,..\..\server\logs\feedback_dispense_large-dispense-5000mg-20260923_164111-c9f9df_samples.csv,predicted tail confirmed inside the acceptance window; stop ,predicted tail confirmed inside the acceptance window; stop for final stable weighing,"{""enabled"": true, ""prediction_horizon_s"": 1.0, ""fixed_tail_mass_mg"": 5.0, ""target_offset_mg"": 3.0, ""confirmation_samples"": 2, ""fast_stop_enabled"": false, ""fast_stop_rate_mg_s"": 20.0, ""fast_stop_confirmation_samples"": 1, ""projected_safety_stop_enabled"": false, ""projected_safety_stop_offset_mg"": 5.0, ""prediction_start_mass_mg"": 4950.0, ""measured_safety_stop_mass_mg"": 4990.0}"
54,large-dispense-5000mg-20260923_164334-55ebb2,2026-09-23,16:43:34,封堵剂1,powder-20260814-143554-702da0,闭环加粉,失败,5000,5027,27,0.0054,131.12,499,predictive-stop-v2,True,True,True,True,feedback_dispense_large-dispense-5000mg-20260923_164334-55ebb2.json,feedback_dispense_large-dispense-5000mg-20260923_164334-55ebb2_samples.csv,..\..\server\logs\feedback_dispense_large-dispense-5000mg-20260923_164334-55ebb2_samples.csv,predicted tail confirmed inside the acceptance window; stop ,predicted tail confirmed inside the acceptance window; stop for final stable weighing,"{""enabled"": true, ""prediction_horizon_s"": 1.0, ""fixed_tail_mass_mg"": 5.0, ""target_offset_mg"": 3.0, ""confirmation_samples"": 2, ""fast_stop_enabled"": false, ""fast_stop_rate_mg_s"": 20.0, ""fast_stop_confirmation_samples"": 1, ""projected_safety_stop_enabled"": false, ""projected_safety_stop_offset_mg"": 5.0, ""prediction_start_mass_mg"": 4950.0, ""measured_safety_stop_mass_mg"": 4990.0}"
55,large-dispense-5000mg-20260923_171818-4bb3ae,2026-09-23,17:18:18,封堵剂2,powder-20260817-143530-182017,闭环加粉,通过,5000,4996,-4,-0.0008,120.8,471,predictive-stop-v3-fast-tail,True,True,True,True,feedback_dispense_large-dispense-5000mg-20260923_171818-4bb3ae.json,feedback_dispense_large-dispense-5000mg-20260923_171818-4bb3ae_samples.csv,..\..\server\logs\feedback_dispense_large-dispense-5000mg-20260923_171818-4bb3ae_samples.csv,force stop: mass 4990.0 >= 4990 mg,force stop: mass 4990.0 >= 4990 mg,"{""enabled"": true, ""prediction_horizon_s"": 1.0, ""fixed_tail_mass_mg"": 2.0, ""target_offset_mg"": 3.0, ""confirmation_samples"": 2, ""fast_stop_enabled"": true, ""fast_stop_rate_mg_s"": 20.0, ""fast_stop_confirmation_samples"": 1, ""projected_safety_stop_enabled"": false, ""projected_safety_stop_offset_mg"": 5.0, ""prediction_start_mass_mg"": 4930.0, ""measured_safety_stop_mass_mg"": 4990.0}"
56,large-dispense-5000mg-20260923_172022-a67d11,2026-09-23,17:20:22,封堵剂2,powder-20260817-143530-182017,闭环加粉,通过,5000,4996,-4,-0.0008,115.09,430,predictive-stop-v3-fast-tail,True,True,True,True,feedback_dispense_large-dispense-5000mg-20260923_172022-a67d11.json,feedback_dispense_large-dispense-5000mg-20260923_172022-a67d11_samples.csv,..\..\server\logs\feedback_dispense_large-dispense-5000mg-20260923_172022-a67d11_samples.csv,predicted tail confirmed inside the acceptance window; stop ,predicted tail confirmed inside the acceptance window; stop for final stable weighing,"{""enabled"": true, ""prediction_horizon_s"": 1.0, ""fixed_tail_mass_mg"": 2.0, ""target_offset_mg"": 3.0, ""confirmation_samples"": 2, ""fast_stop_enabled"": true, ""fast_stop_rate_mg_s"": 20.0, ""fast_stop_confirmation_samples"": 1, ""projected_safety_stop_enabled"": false, ""projected_safety_stop_offset_mg"": 5.0, ""prediction_start_mass_mg"": 4930.0, ""measured_safety_stop_mass_mg"": 4990.0}"
57,large-dispense-5000mg-20260923_172530-021349,2026-09-23,17:25:30,封堵剂2,powder-20260817-143530-182017,闭环加粉,失败,5000,5011,11,0.0022,156.73,610,predictive-stop-v3-fast-tail,True,True,True,True,feedback_dispense_large-dispense-5000mg-20260923_172530-021349.json,feedback_dispense_large-dispense-5000mg-20260923_172530-021349_samples.csv,..\..\server\logs\feedback_dispense_large-dispense-5000mg-20260923_172530-021349_samples.csv,predicted tail confirmed inside the acceptance window; stop ,predicted tail confirmed inside the acceptance window; stop for final stable weighing,"{""enabled"": true, ""prediction_horizon_s"": 1.0, ""fixed_tail_mass_mg"": 2.0, ""target_offset_mg"": 3.0, ""confirmation_samples"": 2, ""fast_stop_enabled"": true, ""fast_stop_rate_mg_s"": 20.0, ""fast_stop_confirmation_samples"": 1, ""projected_safety_stop_enabled"": false, ""projected_safety_stop_offset_mg"": 5.0, ""prediction_start_mass_mg"": 4930.0, ""measured_safety_stop_mass_mg"": 4990.0}"
58,large-dispense-5000mg-20260923_172811-e82b02,2026-09-23,17:28:11,封堵剂2,powder-20260817-143530-182017,闭环加粉,通过,5000,5005,5,0.001,167.59,648,predictive-stop-v3-fast-tail,True,True,True,True,feedback_dispense_large-dispense-5000mg-20260923_172811-e82b02.json,feedback_dispense_large-dispense-5000mg-20260923_172811-e82b02_samples.csv,..\..\server\logs\feedback_dispense_large-dispense-5000mg-20260923_172811-e82b02_samples.csv,predicted tail confirmed inside the acceptance window; stop ,predicted tail confirmed inside the acceptance window; stop for final stable weighing,"{""enabled"": true, ""prediction_horizon_s"": 1.0, ""fixed_tail_mass_mg"": 2.0, ""target_offset_mg"": 3.0, ""confirmation_samples"": 2, ""fast_stop_enabled"": true, ""fast_stop_rate_mg_s"": 20.0, ""fast_stop_confirmation_samples"": 1, ""projected_safety_stop_enabled"": false, ""projected_safety_stop_offset_mg"": 5.0, ""prediction_start_mass_mg"": 4930.0, ""measured_safety_stop_mass_mg"": 4990.0}"
59,large-dispense-5000mg-20260923_173546-3cb1e7,2026-09-23,17:35:46,封堵剂2,powder-20260817-143530-182017,闭环加粉,失败,5000,4984,-16,-0.0032,152.74,586,predictive-stop-v3-fast-tail,True,True,True,True,feedback_dispense_large-dispense-5000mg-20260923_173546-3cb1e7.json,feedback_dispense_large-dispense-5000mg-20260923_173546-3cb1e7_samples.csv,..\..\server\logs\feedback_dispense_large-dispense-5000mg-20260923_173546-3cb1e7_samples.csv,predicted tail confirmed inside the acceptance window; stop ,predicted tail confirmed inside the acceptance window; stop for final stable weighing,"{""enabled"": true, ""prediction_horizon_s"": 1.0, ""fixed_tail_mass_mg"": 2.0, ""target_offset_mg"": 3.0, ""confirmation_samples"": 2, ""fast_stop_enabled"": true, ""fast_stop_rate_mg_s"": 20.0, ""fast_stop_confirmation_samples"": 1, ""projected_safety_stop_enabled"": false, ""projected_safety_stop_offset_mg"": 5.0, ""prediction_start_mass_mg"": 4930.0, ""measured_safety_stop_mass_mg"": 4990.0}"
60,large-dispense-5000mg-20260923_174451-0ccbc6,2026-09-23,17:44:51,封堵剂2,powder-20260817-143530-182017,闭环加粉,通过,5000,5003,3,0.0006,86.09,305,predictive-stop-v3-fast-tail,True,True,True,True,feedback_dispense_large-dispense-5000mg-20260923_174451-0ccbc6.json,feedback_dispense_large-dispense-5000mg-20260923_174451-0ccbc6_samples.csv,..\..\server\logs\feedback_dispense_large-dispense-5000mg-20260923_174451-0ccbc6_samples.csv,predicted tail confirmed inside the acceptance window; stop ,predicted tail confirmed inside the acceptance window; stop for final stable weighing,"{""enabled"": true, ""prediction_horizon_s"": 1.0, ""fixed_tail_mass_mg"": 2.0, ""target_offset_mg"": 3.0, ""confirmation_samples"": 2, ""fast_stop_enabled"": true, ""fast_stop_rate_mg_s"": 20.0, ""fast_stop_confirmation_samples"": 1, ""projected_safety_stop_enabled"": false, ""projected_safety_stop_offset_mg"": 5.0, ""prediction_start_mass_mg"": 4930.0, ""measured_safety_stop_mass_mg"": 4990.0}"
61,large-dispense-5000mg-20260923_174620-c9ec81,2026-09-23,17:46:20,封堵剂2,powder-20260817-143530-182017,闭环加粉,失败,5000,4985,-15,-0.003,149.99,588,predictive-stop-v3-fast-tail,True,True,True,True,feedback_dispense_large-dispense-5000mg-20260923_174620-c9ec81.json,feedback_dispense_large-dispense-5000mg-20260923_174620-c9ec81_samples.csv,..\..\server\logs\feedback_dispense_large-dispense-5000mg-20260923_174620-c9ec81_samples.csv,predicted tail confirmed inside the acceptance window; stop ,predicted tail confirmed inside the acceptance window; stop for final stable weighing,"{""enabled"": true, ""prediction_horizon_s"": 1.0, ""fixed_tail_mass_mg"": 2.0, ""target_offset_mg"": 3.0, ""confirmation_samples"": 2, ""fast_stop_enabled"": true, ""fast_stop_rate_mg_s"": 20.0, ""fast_stop_confirmation_samples"": 1, ""projected_safety_stop_enabled"": false, ""projected_safety_stop_offset_mg"": 5.0, ""prediction_start_mass_mg"": 4930.0, ""measured_safety_stop_mass_mg"": 4990.0}"
62,large-dispense-5000mg-20260923_174854-939554,2026-09-23,17:48:54,封堵剂2,powder-20260817-143530-182017,闭环加粉,通过,5000,5008,8,0.0016,143.91,532,predictive-stop-v3-fast-tail,True,True,True,True,feedback_dispense_large-dispense-5000mg-20260923_174854-939554.json,feedback_dispense_large-dispense-5000mg-20260923_174854-939554_samples.csv,..\..\server\logs\feedback_dispense_large-dispense-5000mg-20260923_174854-939554_samples.csv,predicted tail confirmed inside the acceptance window; stop ,predicted tail confirmed inside the acceptance window; stop for final stable weighing,"{""enabled"": true, ""prediction_horizon_s"": 1.0, ""fixed_tail_mass_mg"": 2.0, ""target_offset_mg"": 3.0, ""confirmation_samples"": 2, ""fast_stop_enabled"": true, ""fast_stop_rate_mg_s"": 20.0, ""fast_stop_confirmation_samples"": 1, ""projected_safety_stop_enabled"": false, ""projected_safety_stop_offset_mg"": 5.0, ""prediction_start_mass_mg"": 4930.0, ""measured_safety_stop_mass_mg"": 4990.0}"
63,large-dispense-5000mg-20260923_175157-fb0670,2026-09-23,17:51:57,封堵剂2,powder-20260817-143530-182017,闭环加粉,失败,5000,5021,21,0.0042,111.86,397,predictive-stop-v3-fast-tail,True,True,True,True,feedback_dispense_large-dispense-5000mg-20260923_175157-fb0670.json,feedback_dispense_large-dispense-5000mg-20260923_175157-fb0670_samples.csv,..\..\server\logs\feedback_dispense_large-dispense-5000mg-20260923_175157-fb0670_samples.csv,force stop: mass 5002.0 >= 4990 mg,force stop: mass 5002.0 >= 4990 mg,"{""enabled"": true, ""prediction_horizon_s"": 1.0, ""fixed_tail_mass_mg"": 2.0, ""target_offset_mg"": 3.0, ""confirmation_samples"": 2, ""fast_stop_enabled"": true, ""fast_stop_rate_mg_s"": 20.0, ""fast_stop_confirmation_samples"": 1, ""projected_safety_stop_enabled"": false, ""projected_safety_stop_offset_mg"": 5.0, ""prediction_start_mass_mg"": 4930.0, ""measured_safety_stop_mass_mg"": 4990.0}"
64,large-dispense-5000mg-20260923_180709-c8ac0c,2026-09-23,18:07:09,封堵剂2,powder-20260817-143530-182017,闭环加粉,失败,5000,5044,44,0.0088,135.67,500,predictive-stop-v3-fast-tail,True,True,True,True,feedback_dispense_large-dispense-5000mg-20260923_180709-c8ac0c.json,feedback_dispense_large-dispense-5000mg-20260923_180709-c8ac0c_samples.csv,..\..\server\logs\feedback_dispense_large-dispense-5000mg-20260923_180709-c8ac0c_samples.csv,measured mass reached acceptance lower bound,measured mass reached acceptance lower bound,"{""enabled"": true, ""prediction_horizon_s"": 1.0, ""fixed_tail_mass_mg"": 2.0, ""target_offset_mg"": 3.0, ""confirmation_samples"": 2, ""fast_stop_enabled"": true, ""fast_stop_rate_mg_s"": 20.0, ""fast_stop_confirmation_samples"": 1, ""projected_safety_stop_enabled"": false, ""projected_safety_stop_offset_mg"": 5.0, ""prediction_start_mass_mg"": 4930.0, ""measured_safety_stop_mass_mg"": 4990.0}"
65,large-dispense-5000mg-20260923_180928-4fbae5,2026-09-23,18:09:28,封堵剂2,powder-20260817-143530-182017,闭环加粉,通过,5000,5000,0,0,156.53,598,predictive-stop-v3-fast-tail,True,True,True,True,feedback_dispense_large-dispense-5000mg-20260923_180928-4fbae5.json,feedback_dispense_large-dispense-5000mg-20260923_180928-4fbae5_samples.csv,..\..\server\logs\feedback_dispense_large-dispense-5000mg-20260923_180928-4fbae5_samples.csv,measured mass reached acceptance lower bound,measured mass reached acceptance lower bound,"{""enabled"": true, ""prediction_horizon_s"": 1.0, ""fixed_tail_mass_mg"": 2.0, ""target_offset_mg"": 3.0, ""confirmation_samples"": 2, ""fast_stop_enabled"": true, ""fast_stop_rate_mg_s"": 20.0, ""fast_stop_confirmation_samples"": 1, ""projected_safety_stop_enabled"": false, ""projected_safety_stop_offset_mg"": 5.0, ""prediction_start_mass_mg"": 4930.0, ""measured_safety_stop_mass_mg"": 4990.0}"
66,large-dispense-5000mg-20260923_181209-13ddc8,2026-09-23,18:12:09,封堵剂2,powder-20260817-143530-182017,闭环加粉,通过,5000,4995,-5,-0.001,164.97,637,predictive-stop-v3-fast-tail,True,True,True,True,feedback_dispense_large-dispense-5000mg-20260923_181209-13ddc8.json,feedback_dispense_large-dispense-5000mg-20260923_181209-13ddc8_samples.csv,..\..\server\logs\feedback_dispense_large-dispense-5000mg-20260923_181209-13ddc8_samples.csv,predicted tail confirmed inside the acceptance window; stop ,predicted tail confirmed inside the acceptance window; stop for final stable weighing,"{""enabled"": true, ""prediction_horizon_s"": 1.0, ""fixed_tail_mass_mg"": 2.0, ""target_offset_mg"": 3.0, ""confirmation_samples"": 2, ""fast_stop_enabled"": true, ""fast_stop_rate_mg_s"": 20.0, ""fast_stop_confirmation_samples"": 1, ""projected_safety_stop_enabled"": false, ""projected_safety_stop_offset_mg"": 5.0, ""prediction_start_mass_mg"": 4930.0, ""measured_safety_stop_mass_mg"": 4990.0}"
67,large-dispense-5000mg-20260923_182401-1ec123,2026-09-23,18:24:01,抑制剂1,powder-20260923-182254-ce7dba,闭环加粉,失败,5000,4977,-23,-0.0046,94.64,338,predictive-stop-v2,True,True,True,True,feedback_dispense_large-dispense-5000mg-20260923_182401-1ec123.json,feedback_dispense_large-dispense-5000mg-20260923_182401-1ec123_samples.csv,..\..\server\logs\feedback_dispense_large-dispense-5000mg-20260923_182401-1ec123_samples.csv,predicted tail confirmed inside the acceptance window; stop ,predicted tail confirmed inside the acceptance window; stop for final stable weighing,"{""enabled"": true, ""prediction_horizon_s"": 1.0, ""fixed_tail_mass_mg"": 5.0, ""target_offset_mg"": 3.0, ""confirmation_samples"": 3, ""fast_stop_enabled"": false, ""fast_stop_rate_mg_s"": 20.0, ""fast_stop_confirmation_samples"": 1, ""projected_safety_stop_enabled"": false, ""projected_safety_stop_offset_mg"": 5.0, ""prediction_start_mass_mg"": 4950.0, ""measured_safety_stop_mass_mg"": 4990.0}"
68,large-dispense-5000mg-20260923_182549-3234d7,2026-09-23,18:25:49,抑制剂1,powder-20260923-182254-ce7dba,闭环加粉,失败,5000,5090,90,0.018,23.42,42,predictive-stop-v2,True,True,True,True,feedback_dispense_large-dispense-5000mg-20260923_182549-3234d7.json,feedback_dispense_large-dispense-5000mg-20260923_182549-3234d7_samples.csv,..\..\server\logs\feedback_dispense_large-dispense-5000mg-20260923_182549-3234d7_samples.csv,measured mass reached acceptance lower bound,measured mass reached acceptance lower bound,"{""enabled"": true, ""prediction_horizon_s"": 1.0, ""fixed_tail_mass_mg"": 5.0, ""target_offset_mg"": 3.0, ""confirmation_samples"": 3, ""fast_stop_enabled"": false, ""fast_stop_rate_mg_s"": 20.0, ""fast_stop_confirmation_samples"": 1, ""projected_safety_stop_enabled"": false, ""projected_safety_stop_offset_mg"": 5.0, ""prediction_start_mass_mg"": 4950.0, ""measured_safety_stop_mass_mg"": 4990.0}"
69,large-dispense-5000mg-20260923_182619-ec9eda,2026-09-23,18:26:19,抑制剂1,powder-20260923-182254-ce7dba,闭环加粉,通过,5000,4996,-4,-0.0008,54.84,173,predictive-stop-v2,True,True,True,True,feedback_dispense_large-dispense-5000mg-20260923_182619-ec9eda.json,feedback_dispense_large-dispense-5000mg-20260923_182619-ec9eda_samples.csv,..\..\server\logs\feedback_dispense_large-dispense-5000mg-20260923_182619-ec9eda_samples.csv,predicted tail confirmed inside the acceptance window; stop ,predicted tail confirmed inside the acceptance window; stop for final stable weighing,"{""enabled"": true, ""prediction_horizon_s"": 1.0, ""fixed_tail_mass_mg"": 5.0, ""target_offset_mg"": 3.0, ""confirmation_samples"": 3, ""fast_stop_enabled"": false, ""fast_stop_rate_mg_s"": 20.0, ""fast_stop_confirmation_samples"": 1, ""projected_safety_stop_enabled"": false, ""projected_safety_stop_offset_mg"": 5.0, ""prediction_start_mass_mg"": 4950.0, ""measured_safety_stop_mass_mg"": 4990.0}"
70,large-dispense-5000mg-20260923_182733-d87859,2026-09-23,18:27:33,抑制剂1,powder-20260923-182254-ce7dba,闭环加粉,通过,5000,4997,-3,-0.0006,131.84,480,predictive-stop-v2,True,True,True,True,feedback_dispense_large-dispense-5000mg-20260923_182733-d87859.json,feedback_dispense_large-dispense-5000mg-20260923_182733-d87859_samples.csv,..\..\server\logs\feedback_dispense_large-dispense-5000mg-20260923_182733-d87859_samples.csv,predicted tail confirmed inside the acceptance window; stop ,predicted tail confirmed inside the acceptance window; stop for final stable weighing,"{""enabled"": true, ""prediction_horizon_s"": 1.0, ""fixed_tail_mass_mg"": 5.0, ""target_offset_mg"": 3.0, ""confirmation_samples"": 3, ""fast_stop_enabled"": false, ""fast_stop_rate_mg_s"": 20.0, ""fast_stop_confirmation_samples"": 1, ""projected_safety_stop_enabled"": false, ""projected_safety_stop_offset_mg"": 5.0, ""prediction_start_mass_mg"": 4950.0, ""measured_safety_stop_mass_mg"": 4990.0}"
71,large-dispense-5000mg-20260923_183327-71d96e,2026-09-23,18:33:27,抑制剂1,powder-20260923-182254-ce7dba,闭环加粉,失败,5000,5111,111,0.0222,126.11,435,predictive-stop-v2,True,True,True,True,feedback_dispense_large-dispense-5000mg-20260923_183327-71d96e.json,feedback_dispense_large-dispense-5000mg-20260923_183327-71d96e_samples.csv,..\..\server\logs\feedback_dispense_large-dispense-5000mg-20260923_183327-71d96e_samples.csv,measured mass reached acceptance lower bound,measured mass reached acceptance lower bound,"{""enabled"": true, ""prediction_horizon_s"": 1.0, ""fixed_tail_mass_mg"": 5.0, ""target_offset_mg"": 3.0, ""confirmation_samples"": 3, ""fast_stop_enabled"": false, ""fast_stop_rate_mg_s"": 20.0, ""fast_stop_confirmation_samples"": 1, ""projected_safety_stop_enabled"": false, ""projected_safety_stop_offset_mg"": 5.0, ""prediction_start_mass_mg"": 4950.0, ""measured_safety_stop_mass_mg"": 4990.0}"
72,large-dispense-5000mg-20260923_183550-a9dbae,2026-09-23,18:35:50,抑制剂1,powder-20260923-182254-ce7dba,闭环加粉,失败,5000,4983,-17,-0.0034,46.83,154,predictive-stop-v2,True,True,True,True,feedback_dispense_large-dispense-5000mg-20260923_183550-a9dbae.json,feedback_dispense_large-dispense-5000mg-20260923_183550-a9dbae_samples.csv,..\..\server\logs\feedback_dispense_large-dispense-5000mg-20260923_183550-a9dbae_samples.csv,predicted tail confirmed inside the acceptance window; stop ,predicted tail confirmed inside the acceptance window; stop for final stable weighing,"{""enabled"": true, ""prediction_horizon_s"": 1.0, ""fixed_tail_mass_mg"": 5.0, ""target_offset_mg"": 3.0, ""confirmation_samples"": 3, ""fast_stop_enabled"": false, ""fast_stop_rate_mg_s"": 20.0, ""fast_stop_confirmation_samples"": 1, ""projected_safety_stop_enabled"": false, ""projected_safety_stop_offset_mg"": 5.0, ""prediction_start_mass_mg"": 4950.0, ""measured_safety_stop_mass_mg"": 4990.0}"
73,large-dispense-5000mg-20260923_183649-d2a4b0,2026-09-23,18:36:49,抑制剂1,powder-20260923-182254-ce7dba,闭环加粉,失败,5000,5052,52,0.0104,75.98,247,predictive-stop-v2,True,True,True,True,feedback_dispense_large-dispense-5000mg-20260923_183649-d2a4b0.json,feedback_dispense_large-dispense-5000mg-20260923_183649-d2a4b0_samples.csv,..\..\server\logs\feedback_dispense_large-dispense-5000mg-20260923_183649-d2a4b0_samples.csv,measured mass reached acceptance lower bound,measured mass reached acceptance lower bound,"{""enabled"": true, ""prediction_horizon_s"": 1.0, ""fixed_tail_mass_mg"": 5.0, ""target_offset_mg"": 3.0, ""confirmation_samples"": 3, ""fast_stop_enabled"": false, ""fast_stop_rate_mg_s"": 20.0, ""fast_stop_confirmation_samples"": 1, ""projected_safety_stop_enabled"": false, ""projected_safety_stop_offset_mg"": 5.0, ""prediction_start_mass_mg"": 4950.0, ""measured_safety_stop_mass_mg"": 4990.0}"
74,large-dispense-5000mg-20260923_183819-bfaf4c,2026-09-23,18:38:19,抑制剂1,powder-20260923-182254-ce7dba,闭环加粉,失败,5000,5012,12,0.0024,162.86,559,predictive-stop-v2,True,True,True,True,feedback_dispense_large-dispense-5000mg-20260923_183819-bfaf4c.json,feedback_dispense_large-dispense-5000mg-20260923_183819-bfaf4c_samples.csv,..\..\server\logs\feedback_dispense_large-dispense-5000mg-20260923_183819-bfaf4c_samples.csv,measured mass reached acceptance lower bound,measured mass reached acceptance lower bound,"{""enabled"": true, ""prediction_horizon_s"": 1.0, ""fixed_tail_mass_mg"": 5.0, ""target_offset_mg"": 3.0, ""confirmation_samples"": 3, ""fast_stop_enabled"": false, ""fast_stop_rate_mg_s"": 20.0, ""fast_stop_confirmation_samples"": 1, ""projected_safety_stop_enabled"": false, ""projected_safety_stop_offset_mg"": 5.0, ""prediction_start_mass_mg"": 4950.0, ""measured_safety_stop_mass_mg"": 4990.0}"
75,dispense-500mg-20260923_184313-1b50a3,2026-09-23,18:43:13,抑制剂1,powder-20260923-182254-ce7dba,闭环加粉(500mg),通过,500,503,3,0.006,35.42,115,predictive-stop-v2,True,True,True,True,feedback_dispense_dispense-500mg-20260923_184313-1b50a3.json,feedback_dispense_dispense-500mg-20260923_184313-1b50a3_samples.csv,..\..\server\logs\feedback_dispense_dispense-500mg-20260923_184313-1b50a3_samples.csv,predicted tail confirmed inside the acceptance window; stop ,predicted tail confirmed inside the acceptance window; stop for final stable weighing,"{""enabled"": true, ""prediction_horizon_s"": 1.0, ""fixed_tail_mass_mg"": 5.0, ""target_offset_mg"": 3.0, ""confirmation_samples"": 3, ""fast_stop_enabled"": false, ""fast_stop_rate_mg_s"": 20.0, ""fast_stop_confirmation_samples"": 1, ""projected_safety_stop_enabled"": false, ""projected_safety_stop_offset_mg"": 5.0, ""prediction_start_mass_mg"": 450.0, ""measured_safety_stop_mass_mg"": 490.0}"
76,large-dispense-5000mg-20260923_185243-1c7895,2026-09-23,18:52:43,膨润土,bentonite,闭环加粉,失败,5000,4974,-26,-0.0052,196.12,703,predictive-stop-v3-bentonite-fast-tail,True,True,True,True,feedback_dispense_large-dispense-5000mg-20260923_185243-1c7895.json,feedback_dispense_large-dispense-5000mg-20260923_185243-1c7895_samples.csv,..\..\server\logs\feedback_dispense_large-dispense-5000mg-20260923_185243-1c7895_samples.csv,predicted tail confirmed inside the acceptance window; stop ,predicted tail confirmed inside the acceptance window; stop for final stable weighing,"{""enabled"": true, ""prediction_horizon_s"": 1.0, ""fixed_tail_mass_mg"": 5.0, ""target_offset_mg"": 3.0, ""confirmation_samples"": 2, ""fast_stop_enabled"": true, ""fast_stop_rate_mg_s"": 20.0, ""fast_stop_confirmation_samples"": 1, ""projected_safety_stop_enabled"": true, ""projected_safety_stop_offset_mg"": 5.0, ""prediction_start_mass_mg"": 4930.0, ""measured_safety_stop_mass_mg"": 4990.0}"
77,large-dispense-5000mg-20260923_185628-6c0b41,2026-09-23,18:56:28,膨润土,bentonite,闭环加粉,通过,5000,5000,0,0,149.53,580,predictive-stop-v3-bentonite-fast-tail,True,True,True,True,feedback_dispense_large-dispense-5000mg-20260923_185628-6c0b41.json,feedback_dispense_large-dispense-5000mg-20260923_185628-6c0b41_samples.csv,..\..\server\logs\feedback_dispense_large-dispense-5000mg-20260923_185628-6c0b41_samples.csv,predicted tail confirmed inside the acceptance window; stop ,predicted tail confirmed inside the acceptance window; stop for final stable weighing,"{""enabled"": true, ""prediction_horizon_s"": 1.0, ""fixed_tail_mass_mg"": 5.0, ""target_offset_mg"": 3.0, ""confirmation_samples"": 2, ""fast_stop_enabled"": true, ""fast_stop_rate_mg_s"": 20.0, ""fast_stop_confirmation_samples"": 1, ""projected_safety_stop_enabled"": true, ""projected_safety_stop_offset_mg"": 5.0, ""prediction_start_mass_mg"": 4930.0, ""measured_safety_stop_mass_mg"": 4990.0}"
78,large-dispense-5000mg-20260923_185905-1fb467,2026-09-23,18:59:05,膨润土,bentonite,闭环加粉,通过,5000,5006,6,0.0012,154.76,598,predictive-stop-v3-bentonite-fast-tail,True,True,True,True,feedback_dispense_large-dispense-5000mg-20260923_185905-1fb467.json,feedback_dispense_large-dispense-5000mg-20260923_185905-1fb467_samples.csv,..\..\server\logs\feedback_dispense_large-dispense-5000mg-20260923_185905-1fb467_samples.csv,predicted tail confirmed inside the acceptance window; stop ,predicted tail confirmed inside the acceptance window; stop for final stable weighing,"{""enabled"": true, ""prediction_horizon_s"": 1.0, ""fixed_tail_mass_mg"": 5.0, ""target_offset_mg"": 3.0, ""confirmation_samples"": 2, ""fast_stop_enabled"": true, ""fast_stop_rate_mg_s"": 20.0, ""fast_stop_confirmation_samples"": 1, ""projected_safety_stop_enabled"": true, ""projected_safety_stop_offset_mg"": 5.0, ""prediction_start_mass_mg"": 4930.0, ""measured_safety_stop_mass_mg"": 4990.0}"
79,large-dispense-5000mg-20260923_190156-7b2637,2026-09-23,19:01:56,膨润土,bentonite,闭环加粉,通过,5000,4995,-5,-0.001,263.8,812,predictive-stop-v3-bentonite-fast-tail,True,True,True,True,feedback_dispense_large-dispense-5000mg-20260923_190156-7b2637.json,feedback_dispense_large-dispense-5000mg-20260923_190156-7b2637_samples.csv,..\..\server\logs\feedback_dispense_large-dispense-5000mg-20260923_190156-7b2637_samples.csv,predicted tail confirmed inside the acceptance window; stop ,predicted tail confirmed inside the acceptance window; stop for final stable weighing,"{""enabled"": true, ""prediction_horizon_s"": 1.0, ""fixed_tail_mass_mg"": 5.0, ""target_offset_mg"": 3.0, ""confirmation_samples"": 2, ""fast_stop_enabled"": true, ""fast_stop_rate_mg_s"": 20.0, ""fast_stop_confirmation_samples"": 1, ""projected_safety_stop_enabled"": true, ""projected_safety_stop_offset_mg"": 5.0, ""prediction_start_mass_mg"": 4930.0, ""measured_safety_stop_mass_mg"": 4990.0}"
80,large-dispense-5000mg-20260924_103637-cb4799,2026-09-24,10:36:37,膨润土,bentonite,闭环加粉,通过,5000,4992,-8,-0.0016,51.77,175,predictive-stop-v3-bentonite-fast-tail,True,True,True,True,feedback_dispense_large-dispense-5000mg-20260924_103637-cb4799.json,feedback_dispense_large-dispense-5000mg-20260924_103637-cb4799_samples.csv,..\..\server\logs\feedback_dispense_large-dispense-5000mg-20260924_103637-cb4799_samples.csv,predicted tail confirmed inside the acceptance window; stop ,predicted tail confirmed inside the acceptance window; stop for final stable weighing,"{""enabled"": true, ""prediction_horizon_s"": 1.0, ""fixed_tail_mass_mg"": 5.0, ""target_offset_mg"": 3.0, ""confirmation_samples"": 2, ""fast_stop_enabled"": true, ""fast_stop_rate_mg_s"": 20.0, ""fast_stop_confirmation_samples"": 1, ""projected_safety_stop_enabled"": true, ""projected_safety_stop_offset_mg"": 5.0, ""prediction_start_mass_mg"": 4930.0, ""measured_safety_stop_mass_mg"": 4990.0}"
81,large-dispense-5000mg-20260924_103737-37a7ba,2026-09-24,10:37:37,膨润土,bentonite,闭环加粉,失败,5000,5029,29,0.0058,53.89,150,predictive-stop-v3-bentonite-fast-tail,True,True,True,True,feedback_dispense_large-dispense-5000mg-20260924_103737-37a7ba.json,feedback_dispense_large-dispense-5000mg-20260924_103737-37a7ba_samples.csv,..\..\server\logs\feedback_dispense_large-dispense-5000mg-20260924_103737-37a7ba_samples.csv,projected safety stop: predicted final mass 5074.7 >= 5005 m,projected safety stop: predicted final mass 5074.7 >= 5005 mg,"{""enabled"": true, ""prediction_horizon_s"": 1.0, ""fixed_tail_mass_mg"": 5.0, ""target_offset_mg"": 3.0, ""confirmation_samples"": 2, ""fast_stop_enabled"": true, ""fast_stop_rate_mg_s"": 20.0, ""fast_stop_confirmation_samples"": 1, ""projected_safety_stop_enabled"": true, ""projected_safety_stop_offset_mg"": 5.0, ""prediction_start_mass_mg"": 4930.0, ""measured_safety_stop_mass_mg"": 4990.0}"
82,large-dispense-5000mg-20260924_103952-53d0c4,2026-09-24,10:39:52,膨润土,bentonite,闭环加粉,通过,5000,4994,-6,-0.0012,67.86,233,predictive-stop-v3-bentonite-fast-tail,True,True,True,True,feedback_dispense_large-dispense-5000mg-20260924_103952-53d0c4.json,feedback_dispense_large-dispense-5000mg-20260924_103952-53d0c4_samples.csv,..\..\server\logs\feedback_dispense_large-dispense-5000mg-20260924_103952-53d0c4_samples.csv,predicted tail confirmed inside the acceptance window; stop ,predicted tail confirmed inside the acceptance window; stop for final stable weighing,"{""enabled"": true, ""prediction_horizon_s"": 1.0, ""fixed_tail_mass_mg"": 5.0, ""target_offset_mg"": 3.0, ""confirmation_samples"": 2, ""fast_stop_enabled"": true, ""fast_stop_rate_mg_s"": 20.0, ""fast_stop_confirmation_samples"": 1, ""projected_safety_stop_enabled"": true, ""projected_safety_stop_offset_mg"": 5.0, ""prediction_start_mass_mg"": 4930.0, ""measured_safety_stop_mass_mg"": 4990.0}"
83,large-dispense-5000mg-20260924_104134-3e8396,2026-09-24,10:41:34,膨润土,bentonite,闭环加粉,失败,5000,5011,11,0.0022,86.42,315,predictive-stop-v3-bentonite-fast-tail,True,True,True,True,feedback_dispense_large-dispense-5000mg-20260924_104134-3e8396.json,feedback_dispense_large-dispense-5000mg-20260924_104134-3e8396_samples.csv,..\..\server\logs\feedback_dispense_large-dispense-5000mg-20260924_104134-3e8396_samples.csv,predicted tail confirmed inside the acceptance window; stop ,predicted tail confirmed inside the acceptance window; stop for final stable weighing,"{""enabled"": true, ""prediction_horizon_s"": 1.0, ""fixed_tail_mass_mg"": 5.0, ""target_offset_mg"": 3.0, ""confirmation_samples"": 2, ""fast_stop_enabled"": true, ""fast_stop_rate_mg_s"": 20.0, ""fast_stop_confirmation_samples"": 1, ""projected_safety_stop_enabled"": true, ""projected_safety_stop_offset_mg"": 5.0, ""prediction_start_mass_mg"": 4930.0, ""measured_safety_stop_mass_mg"": 4990.0}"
84,large-dispense-5000mg-20260924_104307-38cee1,2026-09-24,10:43:07,膨润土,bentonite,闭环加粉,失败,5000,4984,-16,-0.0032,60.39,202,predictive-stop-v3-bentonite-fast-tail,True,True,True,True,feedback_dispense_large-dispense-5000mg-20260924_104307-38cee1.json,feedback_dispense_large-dispense-5000mg-20260924_104307-38cee1_samples.csv,..\..\server\logs\feedback_dispense_large-dispense-5000mg-20260924_104307-38cee1_samples.csv,projected safety stop: predicted final mass 5014.9 >= 5005 m,projected safety stop: predicted final mass 5014.9 >= 5005 mg,"{""enabled"": true, ""prediction_horizon_s"": 1.0, ""fixed_tail_mass_mg"": 5.0, ""target_offset_mg"": 3.0, ""confirmation_samples"": 2, ""fast_stop_enabled"": true, ""fast_stop_rate_mg_s"": 20.0, ""fast_stop_confirmation_samples"": 1, ""projected_safety_stop_enabled"": true, ""projected_safety_stop_offset_mg"": 5.0, ""prediction_start_mass_mg"": 4930.0, ""measured_safety_stop_mass_mg"": 4990.0}"
85,large-dispense-5000mg-20260924_104429-ebecbe,2026-09-24,10:44:29,膨润土,bentonite,闭环加粉,通过,5000,4992,-8,-0.0016,58.78,198,predictive-stop-v3-bentonite-fast-tail,True,True,True,True,feedback_dispense_large-dispense-5000mg-20260924_104429-ebecbe.json,feedback_dispense_large-dispense-5000mg-20260924_104429-ebecbe_samples.csv,..\..\server\logs\feedback_dispense_large-dispense-5000mg-20260924_104429-ebecbe_samples.csv,projected safety stop: predicted final mass 5010.6 >= 5005 m,projected safety stop: predicted final mass 5010.6 >= 5005 mg,"{""enabled"": true, ""prediction_horizon_s"": 1.0, ""fixed_tail_mass_mg"": 5.0, ""target_offset_mg"": 3.0, ""confirmation_samples"": 2, ""fast_stop_enabled"": true, ""fast_stop_rate_mg_s"": 20.0, ""fast_stop_confirmation_samples"": 1, ""projected_safety_stop_enabled"": true, ""projected_safety_stop_offset_mg"": 5.0, ""prediction_start_mass_mg"": 4930.0, ""measured_safety_stop_mass_mg"": 4990.0}"
86,large-dispense-5000mg-20260924_104534-b7c2ea,2026-09-24,10:45:34,膨润土,bentonite,闭环加粉,通过,5000,4991,-9,-0.0018,57.41,189,predictive-stop-v3-bentonite-fast-tail,True,True,True,True,feedback_dispense_large-dispense-5000mg-20260924_104534-b7c2ea.json,feedback_dispense_large-dispense-5000mg-20260924_104534-b7c2ea_samples.csv,..\..\server\logs\feedback_dispense_large-dispense-5000mg-20260924_104534-b7c2ea_samples.csv,predicted tail confirmed inside the acceptance window; stop ,predicted tail confirmed inside the acceptance window; stop for final stable weighing,"{""enabled"": true, ""prediction_horizon_s"": 1.0, ""fixed_tail_mass_mg"": 5.0, ""target_offset_mg"": 3.0, ""confirmation_samples"": 2, ""fast_stop_enabled"": true, ""fast_stop_rate_mg_s"": 20.0, ""fast_stop_confirmation_samples"": 1, ""projected_safety_stop_enabled"": true, ""projected_safety_stop_offset_mg"": 5.0, ""prediction_start_mass_mg"": 4930.0, ""measured_safety_stop_mass_mg"": 4990.0}"
87,large-dispense-5000mg-20260924_104635-098db2,2026-09-24,10:46:35,膨润土,bentonite,闭环加粉,通过,5000,5004,4,0.0008,57.31,193,predictive-stop-v3-bentonite-fast-tail,True,True,True,True,feedback_dispense_large-dispense-5000mg-20260924_104635-098db2.json,feedback_dispense_large-dispense-5000mg-20260924_104635-098db2_samples.csv,..\..\server\logs\feedback_dispense_large-dispense-5000mg-20260924_104635-098db2_samples.csv,projected safety stop: predicted final mass 5006.2 >= 5005 m,projected safety stop: predicted final mass 5006.2 >= 5005 mg,"{""enabled"": true, ""prediction_horizon_s"": 1.0, ""fixed_tail_mass_mg"": 5.0, ""target_offset_mg"": 3.0, ""confirmation_samples"": 2, ""fast_stop_enabled"": true, ""fast_stop_rate_mg_s"": 20.0, ""fast_stop_confirmation_samples"": 1, ""projected_safety_stop_enabled"": true, ""projected_safety_stop_offset_mg"": 5.0, ""prediction_start_mass_mg"": 4930.0, ""measured_safety_stop_mass_mg"": 4990.0}"
88,large-dispense-5000mg-20260924_104805-87dfe9,2026-09-24,10:48:05,膨润土,bentonite,闭环加粉,通过,5000,5002,2,0.0004,53.31,180,predictive-stop-v3-bentonite-fast-tail,True,True,True,True,feedback_dispense_large-dispense-5000mg-20260924_104805-87dfe9.json,feedback_dispense_large-dispense-5000mg-20260924_104805-87dfe9_samples.csv,..\..\server\logs\feedback_dispense_large-dispense-5000mg-20260924_104805-87dfe9_samples.csv,predicted tail confirmed inside the acceptance window; stop ,predicted tail confirmed inside the acceptance window; stop for final stable weighing,"{""enabled"": true, ""prediction_horizon_s"": 1.0, ""fixed_tail_mass_mg"": 5.0, ""target_offset_mg"": 3.0, ""confirmation_samples"": 2, ""fast_stop_enabled"": true, ""fast_stop_rate_mg_s"": 20.0, ""fast_stop_confirmation_samples"": 1, ""projected_safety_stop_enabled"": true, ""projected_safety_stop_offset_mg"": 5.0, ""prediction_start_mass_mg"": 4930.0, ""measured_safety_stop_mass_mg"": 4990.0}"
89,large-dispense-5000mg-20260924_105656-c69d92,2026-09-24,10:56:56,失水剂1,water_loss_agent_2,闭环加粉,失败,5000,5015,15,0.003,217.55,388,predictive-stop-v3-water-loss-agent-2-fast-tail,True,True,True,True,feedback_dispense_large-dispense-5000mg-20260924_105656-c69d92.json,feedback_dispense_large-dispense-5000mg-20260924_105656-c69d92_samples.csv,..\..\server\logs\feedback_dispense_large-dispense-5000mg-20260924_105656-c69d92_samples.csv,measured mass reached acceptance lower bound,measured mass reached acceptance lower bound,"{""enabled"": true, ""prediction_horizon_s"": 1.0, ""fixed_tail_mass_mg"": 0.0, ""target_offset_mg"": 3.0, ""confirmation_samples"": 2, ""fast_stop_enabled"": false, ""fast_stop_rate_mg_s"": 20.0, ""fast_stop_confirmation_samples"": 1, ""projected_safety_stop_enabled"": true, ""projected_safety_stop_offset_mg"": 5.0, ""prediction_start_mass_mg"": 4930.0, ""measured_safety_stop_mass_mg"": 4990.0}"
90,large-dispense-5000mg-20260924_110040-b403da,2026-09-24,11:00:40,失水剂1,water_loss_agent_2,闭环加粉,失败,5000,5012,12,0.0024,57.86,201,predictive-stop-v3-water-loss-agent-2-fast-tail,True,True,True,True,feedback_dispense_large-dispense-5000mg-20260924_110040-b403da.json,feedback_dispense_large-dispense-5000mg-20260924_110040-b403da_samples.csv,..\..\server\logs\feedback_dispense_large-dispense-5000mg-20260924_110040-b403da_samples.csv,measured mass reached acceptance lower bound,measured mass reached acceptance lower bound,"{""enabled"": true, ""prediction_horizon_s"": 1.0, ""fixed_tail_mass_mg"": 0.0, ""target_offset_mg"": 3.0, ""confirmation_samples"": 2, ""fast_stop_enabled"": false, ""fast_stop_rate_mg_s"": 20.0, ""fast_stop_confirmation_samples"": 1, ""projected_safety_stop_enabled"": true, ""projected_safety_stop_offset_mg"": 5.0, ""prediction_start_mass_mg"": 4930.0, ""measured_safety_stop_mass_mg"": 4990.0}"
91,large-dispense-5000mg-20260924_110141-efd24e,2026-09-24,11:01:41,失水剂1,water_loss_agent_2,闭环加粉,通过,5000,4990,-10,-0.002,71.77,261,predictive-stop-v3-water-loss-agent-2-fast-tail,True,True,True,True,feedback_dispense_large-dispense-5000mg-20260924_110141-efd24e.json,feedback_dispense_large-dispense-5000mg-20260924_110141-efd24e_samples.csv,..\..\server\logs\feedback_dispense_large-dispense-5000mg-20260924_110141-efd24e_samples.csv,predicted tail confirmed inside the acceptance window; stop ,predicted tail confirmed inside the acceptance window; stop for final stable weighing,"{""enabled"": true, ""prediction_horizon_s"": 1.0, ""fixed_tail_mass_mg"": 0.0, ""target_offset_mg"": 3.0, ""confirmation_samples"": 2, ""fast_stop_enabled"": false, ""fast_stop_rate_mg_s"": 20.0, ""fast_stop_confirmation_samples"": 1, ""projected_safety_stop_enabled"": true, ""projected_safety_stop_offset_mg"": 5.0, ""prediction_start_mass_mg"": 4930.0, ""measured_safety_stop_mass_mg"": 4990.0}"
92,large-dispense-5000mg-20260924_110359-b55e0d,2026-09-24,11:03:59,失水剂1,water_loss_agent_2,闭环加粉,通过,5000,5007,7,0.0014,76.72,282,predictive-stop-v3-water-loss-agent-2-fast-tail,True,True,True,True,feedback_dispense_large-dispense-5000mg-20260924_110359-b55e0d.json,feedback_dispense_large-dispense-5000mg-20260924_110359-b55e0d_samples.csv,..\..\server\logs\feedback_dispense_large-dispense-5000mg-20260924_110359-b55e0d_samples.csv,measured mass reached acceptance lower bound,measured mass reached acceptance lower bound,"{""enabled"": true, ""prediction_horizon_s"": 1.0, ""fixed_tail_mass_mg"": 0.0, ""target_offset_mg"": 3.0, ""confirmation_samples"": 2, ""fast_stop_enabled"": false, ""fast_stop_rate_mg_s"": 20.0, ""fast_stop_confirmation_samples"": 1, ""projected_safety_stop_enabled"": true, ""projected_safety_stop_offset_mg"": 5.0, ""prediction_start_mass_mg"": 4930.0, ""measured_safety_stop_mass_mg"": 4990.0}"
93,large-dispense-8000mg-20260924_110528-3e6dd9,2026-09-24,11:05:28,失水剂1,water_loss_agent_2,闭环加粉,失败,8000,7979,-21,-0.002625,59.17,204,predictive-stop-v3-water-loss-agent-2-fast-tail,True,True,True,True,feedback_dispense_large-dispense-8000mg-20260924_110528-3e6dd9.json,feedback_dispense_large-dispense-8000mg-20260924_110528-3e6dd9_samples.csv,..\..\server\logs\feedback_dispense_large-dispense-8000mg-20260924_110528-3e6dd9_samples.csv,projected safety stop: predicted final mass 8045.7 >= 8005 m,projected safety stop: predicted final mass 8045.7 >= 8005 mg,"{""enabled"": true, ""prediction_horizon_s"": 1.0, ""fixed_tail_mass_mg"": 0.0, ""target_offset_mg"": 3.0, ""confirmation_samples"": 2, ""fast_stop_enabled"": false, ""fast_stop_rate_mg_s"": 20.0, ""fast_stop_confirmation_samples"": 1, ""projected_safety_stop_enabled"": true, ""projected_safety_stop_offset_mg"": 5.0, ""prediction_start_mass_mg"": 7930.0, ""measured_safety_stop_mass_mg"": 7990.0}"
94,large-dispense-1000mg-20260924_110708-09d771,2026-09-24,11:07:08,失水剂1,water_loss_agent_2,闭环加粉,失败,1000,954,-46,-0.046,18.39,33,predictive-stop-v3-water-loss-agent-2-fast-tail,True,True,True,True,feedback_dispense_large-dispense-1000mg-20260924_110708-09d771.json,feedback_dispense_large-dispense-1000mg-20260924_110708-09d771_samples.csv,..\..\server\logs\feedback_dispense_large-dispense-1000mg-20260924_110708-09d771_samples.csv,projected safety stop: predicted final mass 1023.5 >= 1005 m,projected safety stop: predicted final mass 1023.5 >= 1005 mg,"{""enabled"": true, ""prediction_horizon_s"": 1.0, ""fixed_tail_mass_mg"": 0.0, ""target_offset_mg"": 3.0, ""confirmation_samples"": 2, ""fast_stop_enabled"": false, ""fast_stop_rate_mg_s"": 20.0, ""fast_stop_confirmation_samples"": 1, ""projected_safety_stop_enabled"": true, ""projected_safety_stop_offset_mg"": 5.0, ""prediction_start_mass_mg"": 930.0, ""measured_safety_stop_mass_mg"": 990.0}"
95,dispense-1000mg-20260924_110756-7d33d9,2026-09-24,11:07:56,失水剂1,water_loss_agent_2,闭环加粉,失败,1000,988,-12,-0.012,60.98,241,predictive-stop-v3-water-loss-agent-2-fast-tail,True,True,True,True,feedback_dispense_dispense-1000mg-20260924_110756-7d33d9.json,feedback_dispense_dispense-1000mg-20260924_110756-7d33d9_samples.csv,..\..\server\logs\feedback_dispense_dispense-1000mg-20260924_110756-7d33d9_samples.csv,projected safety stop: predicted final mass 1009.2 >= 1005 m,projected safety stop: predicted final mass 1009.2 >= 1005 mg,"{""enabled"": true, ""prediction_horizon_s"": 1.0, ""fixed_tail_mass_mg"": 0.0, ""target_offset_mg"": 3.0, ""confirmation_samples"": 2, ""fast_stop_enabled"": false, ""fast_stop_rate_mg_s"": 20.0, ""fast_stop_confirmation_samples"": 1, ""projected_safety_stop_enabled"": true, ""projected_safety_stop_offset_mg"": 5.0, ""prediction_start_mass_mg"": 962.5, ""measured_safety_stop_mass_mg"": 990.0}"
96,dispense-1000mg-20260924_110900-dc10e8,2026-09-24,11:09:00,失水剂1,water_loss_agent_2,闭环加粉,失败,1000,983,-17,-0.017,78.06,294,predictive-stop-v3-water-loss-agent-2-fast-tail,True,True,True,True,feedback_dispense_dispense-1000mg-20260924_110900-dc10e8.json,feedback_dispense_dispense-1000mg-20260924_110900-dc10e8_samples.csv,..\..\server\logs\feedback_dispense_dispense-1000mg-20260924_110900-dc10e8_samples.csv,predicted tail confirmed inside the acceptance window; stop ,predicted tail confirmed inside the acceptance window; stop for final stable weighing,"{""enabled"": true, ""prediction_horizon_s"": 1.0, ""fixed_tail_mass_mg"": 0.0, ""target_offset_mg"": 3.0, ""confirmation_samples"": 2, ""fast_stop_enabled"": false, ""fast_stop_rate_mg_s"": 20.0, ""fast_stop_confirmation_samples"": 1, ""projected_safety_stop_enabled"": true, ""projected_safety_stop_offset_mg"": 5.0, ""prediction_start_mass_mg"": 962.5, ""measured_safety_stop_mass_mg"": 990.0}"
97,dispense-1000mg-20260924_111045-155d99,2026-09-24,11:10:45,失水剂1,water_loss_agent_2,闭环加粉,失败,1000,1049,49,0.049,45.16,135,predictive-stop-v3-water-loss-agent-2-fast-tail,True,True,True,True,feedback_dispense_dispense-1000mg-20260924_111045-155d99.json,feedback_dispense_dispense-1000mg-20260924_111045-155d99_samples.csv,..\..\server\logs\feedback_dispense_dispense-1000mg-20260924_111045-155d99_samples.csv,measured mass reached acceptance lower bound,measured mass reached acceptance lower bound,"{""enabled"": true, ""prediction_horizon_s"": 1.0, ""fixed_tail_mass_mg"": 0.0, ""target_offset_mg"": 3.0, ""confirmation_samples"": 2, ""fast_stop_enabled"": false, ""fast_stop_rate_mg_s"": 20.0, ""fast_stop_confirmation_samples"": 1, ""projected_safety_stop_enabled"": true, ""projected_safety_stop_offset_mg"": 5.0, ""prediction_start_mass_mg"": 962.5, ""measured_safety_stop_mass_mg"": 990.0}"
98,dispense-1000mg-20260924_111150-885acc,2026-09-24,11:11:50,失水剂1,water_loss_agent_2,闭环加粉,通过,1000,993,-7,-0.007,50.59,180,predictive-stop-v3-water-loss-agent-2-fast-tail,True,True,True,True,feedback_dispense_dispense-1000mg-20260924_111150-885acc.json,feedback_dispense_dispense-1000mg-20260924_111150-885acc_samples.csv,..\..\server\logs\feedback_dispense_dispense-1000mg-20260924_111150-885acc_samples.csv,projected safety stop: predicted final mass 1007.0 >= 1005 m,projected safety stop: predicted final mass 1007.0 >= 1005 mg,"{""enabled"": true, ""prediction_horizon_s"": 1.0, ""fixed_tail_mass_mg"": 0.0, ""target_offset_mg"": 3.0, ""confirmation_samples"": 2, ""fast_stop_enabled"": false, ""fast_stop_rate_mg_s"": 20.0, ""fast_stop_confirmation_samples"": 1, ""projected_safety_stop_enabled"": true, ""projected_safety_stop_offset_mg"": 5.0, ""prediction_start_mass_mg"": 962.5, ""measured_safety_stop_mass_mg"": 990.0}"
99,dispense-1000mg-20260924_111543-ea30c0,2026-09-24,11:15:43,失水剂1,water_loss_agent_2,闭环加粉,失败,1000,1012,12,0.012,37.98,122,predictive-stop-v3-water-loss-agent-2-fast-tail,True,True,True,True,feedback_dispense_dispense-1000mg-20260924_111543-ea30c0.json,feedback_dispense_dispense-1000mg-20260924_111543-ea30c0_samples.csv,..\..\server\logs\feedback_dispense_dispense-1000mg-20260924_111543-ea30c0_samples.csv,projected safety stop: predicted final mass 1011.5 >= 1005 m,projected safety stop: predicted final mass 1011.5 >= 1005 mg,"{""enabled"": true, ""prediction_horizon_s"": 1.0, ""fixed_tail_mass_mg"": 0.0, ""target_offset_mg"": 3.0, ""confirmation_samples"": 2, ""fast_stop_enabled"": false, ""fast_stop_rate_mg_s"": 20.0, ""fast_stop_confirmation_samples"": 1, ""projected_safety_stop_enabled"": true, ""projected_safety_stop_offset_mg"": 5.0, ""prediction_start_mass_mg"": 962.5, ""measured_safety_stop_mass_mg"": 990.0}"
100,dispense-1000mg-20260924_111723-8a58b7,2026-09-24,11:17:23,失水剂1,water_loss_agent_2,闭环加粉,失败,1000,1023,23,0.023,65.83,241,predictive-stop-v3-water-loss-agent-2-fast-tail,True,True,True,True,feedback_dispense_dispense-1000mg-20260924_111723-8a58b7.json,feedback_dispense_dispense-1000mg-20260924_111723-8a58b7_samples.csv,..\..\server\logs\feedback_dispense_dispense-1000mg-20260924_111723-8a58b7_samples.csv,projected safety stop: predicted final mass 1018.4 >= 1005 m,projected safety stop: predicted final mass 1018.4 >= 1005 mg,"{""enabled"": true, ""prediction_horizon_s"": 1.0, ""fixed_tail_mass_mg"": 0.0, ""target_offset_mg"": 3.0, ""confirmation_samples"": 2, ""fast_stop_enabled"": false, ""fast_stop_rate_mg_s"": 20.0, ""fast_stop_confirmation_samples"": 1, ""projected_safety_stop_enabled"": true, ""projected_safety_stop_offset_mg"": 5.0, ""prediction_start_mass_mg"": 962.5, ""measured_safety_stop_mass_mg"": 990.0}"
101,dispense-1000mg-20260924_111831-06d88a,2026-09-24,11:18:31,失水剂1,water_loss_agent_2,闭环加粉,通过,1000,994,-6,-0.006,51.06,182,predictive-stop-v3-water-loss-agent-2-fast-tail,True,True,True,True,feedback_dispense_dispense-1000mg-20260924_111831-06d88a.json,feedback_dispense_dispense-1000mg-20260924_111831-06d88a_samples.csv,..\..\server\logs\feedback_dispense_dispense-1000mg-20260924_111831-06d88a_samples.csv,predicted tail confirmed inside the acceptance window; stop ,predicted tail confirmed inside the acceptance window; stop for final stable weighing,"{""enabled"": true, ""prediction_horizon_s"": 1.0, ""fixed_tail_mass_mg"": 0.0, ""target_offset_mg"": 3.0, ""confirmation_samples"": 2, ""fast_stop_enabled"": false, ""fast_stop_rate_mg_s"": 20.0, ""fast_stop_confirmation_samples"": 1, ""projected_safety_stop_enabled"": true, ""projected_safety_stop_offset_mg"": 5.0, ""prediction_start_mass_mg"": 962.5, ""measured_safety_stop_mass_mg"": 990.0}"
102,large-dispense-5000mg-20260924_112037-f15012,2026-09-24,11:20:37,失水剂1,water_loss_agent_2,闭环加粉,通过,5000,4997,-3,-0.0006,43.28,142,predictive-stop-v3-water-loss-agent-2-fast-tail,True,True,True,True,feedback_dispense_large-dispense-5000mg-20260924_112037-f15012.json,feedback_dispense_large-dispense-5000mg-20260924_112037-f15012_samples.csv,..\..\server\logs\feedback_dispense_large-dispense-5000mg-20260924_112037-f15012_samples.csv,projected safety stop: predicted final mass 5007.4 >= 5005 m,projected safety stop: predicted final mass 5007.4 >= 5005 mg,"{""enabled"": true, ""prediction_horizon_s"": 1.0, ""fixed_tail_mass_mg"": 0.0, ""target_offset_mg"": 3.0, ""confirmation_samples"": 2, ""fast_stop_enabled"": false, ""fast_stop_rate_mg_s"": 20.0, ""fast_stop_confirmation_samples"": 1, ""projected_safety_stop_enabled"": true, ""projected_safety_stop_offset_mg"": 5.0, ""prediction_start_mass_mg"": 4930.0, ""measured_safety_stop_mass_mg"": 4990.0}"
103,large-dispense-3000mg-20260924_112129-b8756a,2026-09-24,11:21:29,失水剂1,water_loss_agent_2,闭环加粉,失败,3000,3089,89,0.0296666666666667,27.59,73,predictive-stop-v3-water-loss-agent-2-fast-tail,True,True,True,True,feedback_dispense_large-dispense-3000mg-20260924_112129-b8756a.json,feedback_dispense_large-dispense-3000mg-20260924_112129-b8756a_samples.csv,..\..\server\logs\feedback_dispense_large-dispense-3000mg-20260924_112129-b8756a_samples.csv,measured mass reached acceptance lower bound,measured mass reached acceptance lower bound,"{""enabled"": true, ""prediction_horizon_s"": 1.0, ""fixed_tail_mass_mg"": 0.0, ""target_offset_mg"": 3.0, ""confirmation_samples"": 2, ""fast_stop_enabled"": false, ""fast_stop_rate_mg_s"": 20.0, ""fast_stop_confirmation_samples"": 1, ""projected_safety_stop_enabled"": true, ""projected_safety_stop_offset_mg"": 5.0, ""prediction_start_mass_mg"": 2930.0, ""measured_safety_stop_mass_mg"": 2990.0}"
104,large-dispense-3000mg-20260924_112731-ca7480,2026-09-24,11:27:31,失水剂1,water_loss_agent_2,闭环加粉,通过,3000,3003,3,0.001,29,81,predictive-stop-v3-water-loss-agent-2-fast-tail,True,True,True,True,feedback_dispense_large-dispense-3000mg-20260924_112731-ca7480.json,feedback_dispense_large-dispense-3000mg-20260924_112731-ca7480_samples.csv,..\..\server\logs\feedback_dispense_large-dispense-3000mg-20260924_112731-ca7480_samples.csv,projected safety stop: predicted final mass 3008.4 >= 3005 m,projected safety stop: predicted final mass 3008.4 >= 3005 mg,"{""enabled"": true, ""prediction_horizon_s"": 1.0, ""fixed_tail_mass_mg"": 0.0, ""target_offset_mg"": 3.0, ""confirmation_samples"": 2, ""fast_stop_enabled"": false, ""fast_stop_rate_mg_s"": 20.0, ""fast_stop_confirmation_samples"": 1, ""projected_safety_stop_enabled"": true, ""projected_safety_stop_offset_mg"": 5.0, ""prediction_start_mass_mg"": 2930.0, ""measured_safety_stop_mass_mg"": 2990.0}"
105,large-dispense-5000mg-20260924_113722-be6da3,2026-09-24,11:37:22,大分子包被剂-text,powder-20260820-154406-7acd02,闭环加粉,通过,5000,4999,-1,-0.0002,161.109,488,predictive-stop-v2,True,True,True,True,feedback_dispense_large-dispense-5000mg-20260924_113722-be6da3.json,feedback_dispense_large-dispense-5000mg-20260924_113722-be6da3_samples.csv,..\..\server\logs\feedback_dispense_large-dispense-5000mg-20260924_113722-be6da3_samples.csv,measured mass reached acceptance lower bound,measured mass reached acceptance lower bound,"{""enabled"": true, ""prediction_horizon_s"": 1.0, ""fixed_tail_mass_mg"": 5.0, ""target_offset_mg"": 3.0, ""confirmation_samples"": 2, ""fast_stop_enabled"": false, ""fast_stop_rate_mg_s"": 20.0, ""fast_stop_confirmation_samples"": 1, ""projected_safety_stop_enabled"": false, ""projected_safety_stop_offset_mg"": 5.0, ""prediction_start_mass_mg"": 4950.0, ""measured_safety_stop_mass_mg"": 4990.0}"
106,large-dispense-5000mg-20260924_120029-dd7bcd,2026-09-24,12:00:29,大分子包被剂-text,powder-20260820-154406-7acd02,闭环加粉,失败,5000,4981,-19,-0.0038,66.938,237,predictive-stop-v2,True,True,True,True,feedback_dispense_large-dispense-5000mg-20260924_120029-dd7bcd.json,feedback_dispense_large-dispense-5000mg-20260924_120029-dd7bcd_samples.csv,..\..\server\logs\feedback_dispense_large-dispense-5000mg-20260924_120029-dd7bcd_samples.csv,predicted tail confirmed inside the acceptance window; stop ,predicted tail confirmed inside the acceptance window; stop for final stable weighing,"{""enabled"": true, ""prediction_horizon_s"": 1.0, ""fixed_tail_mass_mg"": 5.0, ""target_offset_mg"": 3.0, ""confirmation_samples"": 2, ""fast_stop_enabled"": false, ""fast_stop_rate_mg_s"": 20.0, ""fast_stop_confirmation_samples"": 1, ""projected_safety_stop_enabled"": false, ""projected_safety_stop_offset_mg"": 5.0, ""prediction_start_mass_mg"": 4950.0, ""measured_safety_stop_mass_mg"": 4990.0}"
107,dispense-500mg-20260924_120218-e46693,2026-09-24,12:02:18,大分子包被剂-text,powder-20260820-154406-7acd02,闭环加粉(500mg),通过,500,506,6,0.012,23.703,62,predictive-stop-v2,True,True,True,True,feedback_dispense_dispense-500mg-20260924_120218-e46693.json,feedback_dispense_dispense-500mg-20260924_120218-e46693_samples.csv,..\..\server\logs\feedback_dispense_dispense-500mg-20260924_120218-e46693_samples.csv,predicted tail confirmed inside the acceptance window; stop ,predicted tail confirmed inside the acceptance window; stop for final stable weighing,"{""enabled"": true, ""prediction_horizon_s"": 1.0, ""fixed_tail_mass_mg"": 5.0, ""target_offset_mg"": 3.0, ""confirmation_samples"": 2, ""fast_stop_enabled"": false, ""fast_stop_rate_mg_s"": 20.0, ""fast_stop_confirmation_samples"": 1, ""projected_safety_stop_enabled"": false, ""projected_safety_stop_offset_mg"": 5.0, ""prediction_start_mass_mg"": 450.0, ""measured_safety_stop_mass_mg"": 490.0}"
108,dispense-500mg-20260924_120244-0f42d9,2026-09-24,12:02:44,大分子包被剂-text,powder-20260820-154406-7acd02,闭环加粉(500mg),失败,500,563,63,0.126,28.281,85,predictive-stop-v2,True,True,True,True,feedback_dispense_dispense-500mg-20260924_120244-0f42d9.json,feedback_dispense_dispense-500mg-20260924_120244-0f42d9_samples.csv,..\..\server\logs\feedback_dispense_dispense-500mg-20260924_120244-0f42d9_samples.csv,measured mass reached acceptance lower bound,measured mass reached acceptance lower bound,"{""enabled"": true, ""prediction_horizon_s"": 1.0, ""fixed_tail_mass_mg"": 5.0, ""target_offset_mg"": 3.0, ""confirmation_samples"": 2, ""fast_stop_enabled"": false, ""fast_stop_rate_mg_s"": 20.0, ""fast_stop_confirmation_samples"": 1, ""projected_safety_stop_enabled"": false, ""projected_safety_stop_offset_mg"": 5.0, ""prediction_start_mass_mg"": 450.0, ""measured_safety_stop_mass_mg"": 490.0}"
109,dispense-500mg-20260924_120413-929112,2026-09-24,12:04:13,大分子包被剂-text,powder-20260820-154406-7acd02,闭环加粉(500mg),失败,500,477,-23,-0.046,14.75,45,predictive-stop-v2,True,True,True,True,feedback_dispense_dispense-500mg-20260924_120413-929112.json,feedback_dispense_dispense-500mg-20260924_120413-929112_samples.csv,..\..\server\logs\feedback_dispense_dispense-500mg-20260924_120413-929112_samples.csv,predicted tail confirmed inside the acceptance window; stop ,predicted tail confirmed inside the acceptance window; stop for final stable weighing,"{""enabled"": true, ""prediction_horizon_s"": 1.0, ""fixed_tail_mass_mg"": 5.0, ""target_offset_mg"": 3.0, ""confirmation_samples"": 2, ""fast_stop_enabled"": false, ""fast_stop_rate_mg_s"": 20.0, ""fast_stop_confirmation_samples"": 1, ""projected_safety_stop_enabled"": false, ""projected_safety_stop_offset_mg"": 5.0, ""prediction_start_mass_mg"": 450.0, ""measured_safety_stop_mass_mg"": 490.0}"
110,large-dispense-10000mg-20260924_120653-0988d5,2026-09-24,12:06:53,大分子包被剂-text,powder-20260820-154406-7acd02,闭环加粉,失败,10000,10019,19,0.0019,63.437,219,predictive-stop-v2,True,True,True,True,feedback_dispense_large-dispense-10000mg-20260924_120653-0988d5.json,feedback_dispense_large-dispense-10000mg-20260924_120653-0988d5_samples.csv,..\..\server\logs\feedback_dispense_large-dispense-10000mg-20260924_120653-0988d5_samples.csv,predicted tail confirmed inside the acceptance window; stop ,predicted tail confirmed inside the acceptance window; stop for final stable weighing,"{""enabled"": true, ""prediction_horizon_s"": 1.0, ""fixed_tail_mass_mg"": 5.0, ""target_offset_mg"": 3.0, ""confirmation_samples"": 2, ""fast_stop_enabled"": false, ""fast_stop_rate_mg_s"": 20.0, ""fast_stop_confirmation_samples"": 1, ""projected_safety_stop_enabled"": false, ""projected_safety_stop_offset_mg"": 5.0, ""prediction_start_mass_mg"": 9950.0, ""measured_safety_stop_mass_mg"": 9990.0}"
111,large-dispense-5000mg-20260924_120807-932dd2,2026-09-24,12:08:07,大分子包被剂-text,powder-20260820-154406-7acd02,闭环加粉,通过,5000,5001,1,0.0002,101.25,319,predictive-stop-v2,True,True,True,True,feedback_dispense_large-dispense-5000mg-20260924_120807-932dd2.json,feedback_dispense_large-dispense-5000mg-20260924_120807-932dd2_samples.csv,..\..\server\logs\feedback_dispense_large-dispense-5000mg-20260924_120807-932dd2_samples.csv,measured mass reached acceptance lower bound,measured mass reached acceptance lower bound,"{""enabled"": true, ""prediction_horizon_s"": 1.0, ""fixed_tail_mass_mg"": 5.0, ""target_offset_mg"": 3.0, ""confirmation_samples"": 2, ""fast_stop_enabled"": false, ""fast_stop_rate_mg_s"": 20.0, ""fast_stop_confirmation_samples"": 1, ""projected_safety_stop_enabled"": false, ""projected_safety_stop_offset_mg"": 5.0, ""prediction_start_mass_mg"": 4950.0, ""measured_safety_stop_mass_mg"": 4990.0}"
112,large-dispense-5000mg-20260924_140258-29ea72,2026-09-24,14:02:58,失水剂2,water_loss_agent_2,闭环加粉,通过,5000,5004,4,0.0008,54.109,122,predictive-stop-v3-water-loss-agent-2-fast-tail,True,True,True,True,feedback_dispense_large-dispense-5000mg-20260924_140258-29ea72.json,feedback_dispense_large-dispense-5000mg-20260924_140258-29ea72_samples.csv,..\..\server\logs\feedback_dispense_large-dispense-5000mg-20260924_140258-29ea72_samples.csv,projected safety stop: predicted final mass 5042.3 >= 5005 m,projected safety stop: predicted final mass 5042.3 >= 5005 mg,"{""enabled"": true, ""prediction_horizon_s"": 1.0, ""fixed_tail_mass_mg"": 0.0, ""target_offset_mg"": 3.0, ""confirmation_samples"": 2, ""fast_stop_enabled"": false, ""fast_stop_rate_mg_s"": 20.0, ""fast_stop_confirmation_samples"": 1, ""projected_safety_stop_enabled"": true, ""projected_safety_stop_offset_mg"": 5.0, ""prediction_start_mass_mg"": 4930.0, ""measured_safety_stop_mass_mg"": 4990.0}"
113,large-dispense-8000mg-20260924_140357-6f5ef7,2026-09-24,14:03:57,失水剂2,water_loss_agent_2,闭环加粉,通过,8000,8010,10,0.00125,49.078,155,predictive-stop-v3-water-loss-agent-2-fast-tail,True,True,True,True,feedback_dispense_large-dispense-8000mg-20260924_140357-6f5ef7.json,feedback_dispense_large-dispense-8000mg-20260924_140357-6f5ef7_samples.csv,..\..\server\logs\feedback_dispense_large-dispense-8000mg-20260924_140357-6f5ef7_samples.csv,projected safety stop: predicted final mass 8007.4 >= 8005 m,projected safety stop: predicted final mass 8007.4 >= 8005 mg,"{""enabled"": true, ""prediction_horizon_s"": 1.0, ""fixed_tail_mass_mg"": 0.0, ""target_offset_mg"": 3.0, ""confirmation_samples"": 2, ""fast_stop_enabled"": false, ""fast_stop_rate_mg_s"": 20.0, ""fast_stop_confirmation_samples"": 1, ""projected_safety_stop_enabled"": true, ""projected_safety_stop_offset_mg"": 5.0, ""prediction_start_mass_mg"": 7930.0, ""measured_safety_stop_mass_mg"": 7990.0}"
114,large-dispense-8000mg-20260924_140543-1e9100,2026-09-24,14:05:43,失水剂2,water_loss_agent_2,闭环加粉,通过,8000,8010,10,0.00125,48.968,154,predictive-stop-v3-water-loss-agent-2-fast-tail,True,True,True,True,feedback_dispense_large-dispense-8000mg-20260924_140543-1e9100.json,feedback_dispense_large-dispense-8000mg-20260924_140543-1e9100_samples.csv,..\..\server\logs\feedback_dispense_large-dispense-8000mg-20260924_140543-1e9100_samples.csv,projected safety stop: predicted final mass 8007.7 >= 8005 m,projected safety stop: predicted final mass 8007.7 >= 8005 mg,"{""enabled"": true, ""prediction_horizon_s"": 1.0, ""fixed_tail_mass_mg"": 0.0, ""target_offset_mg"": 3.0, ""confirmation_samples"": 2, ""fast_stop_enabled"": false, ""fast_stop_rate_mg_s"": 20.0, ""fast_stop_confirmation_samples"": 1, ""projected_safety_stop_enabled"": true, ""projected_safety_stop_offset_mg"": 5.0, ""prediction_start_mass_mg"": 7930.0, ""measured_safety_stop_mass_mg"": 7990.0}"
115,large-dispense-3000mg-20260924_140639-ff2a44,2026-09-24,14:06:39,失水剂2,water_loss_agent_2,闭环加粉,失败,3000,3011,11,0.00366666666666667,27.578,60,predictive-stop-v3-water-loss-agent-2-fast-tail,True,True,True,True,feedback_dispense_large-dispense-3000mg-20260924_140639-ff2a44.json,feedback_dispense_large-dispense-3000mg-20260924_140639-ff2a44_samples.csv,..\..\server\logs\feedback_dispense_large-dispense-3000mg-20260924_140639-ff2a44_samples.csv,projected safety stop: predicted final mass 3036.1 >= 3005 m,projected safety stop: predicted final mass 3036.1 >= 3005 mg,"{""enabled"": true, ""prediction_horizon_s"": 1.0, ""fixed_tail_mass_mg"": 0.0, ""target_offset_mg"": 3.0, ""confirmation_samples"": 2, ""fast_stop_enabled"": false, ""fast_stop_rate_mg_s"": 20.0, ""fast_stop_confirmation_samples"": 1, ""projected_safety_stop_enabled"": true, ""projected_safety_stop_offset_mg"": 5.0, ""prediction_start_mass_mg"": 2930.0, ""measured_safety_stop_mass_mg"": 2990.0}"
116,large-dispense-2000mg-20260924_140715-f2ba95,2026-09-24,14:07:15,失水剂2,water_loss_agent_2,闭环加粉,失败,2000,2026,26,0.013,23.297,44,predictive-stop-v3-water-loss-agent-2-fast-tail,True,True,True,True,feedback_dispense_large-dispense-2000mg-20260924_140715-f2ba95.json,feedback_dispense_large-dispense-2000mg-20260924_140715-f2ba95_samples.csv,..\..\server\logs\feedback_dispense_large-dispense-2000mg-20260924_140715-f2ba95_samples.csv,projected safety stop: predicted final mass 2065.8 >= 2005 m,projected safety stop: predicted final mass 2065.8 >= 2005 mg,"{""enabled"": true, ""prediction_horizon_s"": 1.0, ""fixed_tail_mass_mg"": 0.0, ""target_offset_mg"": 3.0, ""confirmation_samples"": 2, ""fast_stop_enabled"": false, ""fast_stop_rate_mg_s"": 20.0, ""fast_stop_confirmation_samples"": 1, ""projected_safety_stop_enabled"": true, ""projected_safety_stop_offset_mg"": 5.0, ""prediction_start_mass_mg"": 1930.0, ""measured_safety_stop_mass_mg"": 1990.0}"
117,large-dispense-2000mg-20260924_140825-5f3ae0,2026-09-24,14:08:25,失水剂2,water_loss_agent_2,闭环加粉,通过,2000,2008,8,0.004,20.593,42,predictive-stop-v3-water-loss-agent-2-fast-tail,True,True,True,True,feedback_dispense_large-dispense-2000mg-20260924_140825-5f3ae0.json,feedback_dispense_large-dispense-2000mg-20260924_140825-5f3ae0_samples.csv,..\..\server\logs\feedback_dispense_large-dispense-2000mg-20260924_140825-5f3ae0_samples.csv,projected safety stop: predicted final mass 2068.0 >= 2005 m,projected safety stop: predicted final mass 2068.0 >= 2005 mg,"{""enabled"": true, ""prediction_horizon_s"": 1.0, ""fixed_tail_mass_mg"": 0.0, ""target_offset_mg"": 3.0, ""confirmation_samples"": 2, ""fast_stop_enabled"": false, ""fast_stop_rate_mg_s"": 20.0, ""fast_stop_confirmation_samples"": 1, ""projected_safety_stop_enabled"": true, ""projected_safety_stop_offset_mg"": 5.0, ""prediction_start_mass_mg"": 1930.0, ""measured_safety_stop_mass_mg"": 1990.0}"
118,large-dispense-1000mg-20260924_141059-3eecb8,2026-09-24,14:10:59,失水剂2,water_loss_agent_2,闭环加粉,失败,1000,1019,19,0.019,47.922,159,predictive-stop-v3-water-loss-agent-2-fast-tail,True,True,True,True,feedback_dispense_large-dispense-1000mg-20260924_141059-3eecb8.json,feedback_dispense_large-dispense-1000mg-20260924_141059-3eecb8_samples.csv,..\..\server\logs\feedback_dispense_large-dispense-1000mg-20260924_141059-3eecb8_samples.csv,projected safety stop: predicted final mass 1015.3 >= 1005 m,projected safety stop: predicted final mass 1015.3 >= 1005 mg,"{""enabled"": true, ""prediction_horizon_s"": 1.0, ""fixed_tail_mass_mg"": 0.0, ""target_offset_mg"": 3.0, ""confirmation_samples"": 2, ""fast_stop_enabled"": false, ""fast_stop_rate_mg_s"": 20.0, ""fast_stop_confirmation_samples"": 1, ""projected_safety_stop_enabled"": true, ""projected_safety_stop_offset_mg"": 5.0, ""prediction_start_mass_mg"": 930.0, ""measured_safety_stop_mass_mg"": 990.0}"
119,large-dispense-3000mg-20260924_141515-915531,2026-09-24,14:15:15,失水剂2,water_loss_agent_2,闭环加粉,失败,3000,3016,16,0.00533333333333333,28.672,66,predictive-stop-v3-water-loss-agent-2-fast-tail,True,True,True,True,feedback_dispense_large-dispense-3000mg-20260924_141515-915531.json,feedback_dispense_large-dispense-3000mg-20260924_141515-915531_samples.csv,..\..\server\logs\feedback_dispense_large-dispense-3000mg-20260924_141515-915531_samples.csv,projected safety stop: predicted final mass 3078.2 >= 3005 m,projected safety stop: predicted final mass 3078.2 >= 3005 mg,"{""enabled"": true, ""prediction_horizon_s"": 1.0, ""fixed_tail_mass_mg"": 0.0, ""target_offset_mg"": 3.0, ""confirmation_samples"": 2, ""fast_stop_enabled"": false, ""fast_stop_rate_mg_s"": 20.0, ""fast_stop_confirmation_samples"": 1, ""projected_safety_stop_enabled"": true, ""projected_safety_stop_offset_mg"": 5.0, ""prediction_start_mass_mg"": 2930.0, ""measured_safety_stop_mass_mg"": 2990.0}"
120,large-dispense-1000mg-20260924_141741-0674a6,2026-09-24,14:17:41,失水剂2,water_loss_agent_2,闭环加粉,失败,1000,1015,15,0.015,22.391,35,predictive-stop-v3-water-loss-agent-2-fast-tail,True,True,True,True,feedback_dispense_large-dispense-1000mg-20260924_141741-0674a6.json,feedback_dispense_large-dispense-1000mg-20260924_141741-0674a6_samples.csv,..\..\server\logs\feedback_dispense_large-dispense-1000mg-20260924_141741-0674a6_samples.csv,projected safety stop: predicted final mass 1006.0 >= 1005 m,projected safety stop: predicted final mass 1006.0 >= 1005 mg,"{""enabled"": true, ""prediction_horizon_s"": 1.0, ""fixed_tail_mass_mg"": 0.0, ""target_offset_mg"": 3.0, ""confirmation_samples"": 2, ""fast_stop_enabled"": false, ""fast_stop_rate_mg_s"": 20.0, ""fast_stop_confirmation_samples"": 1, ""projected_safety_stop_enabled"": true, ""projected_safety_stop_offset_mg"": 5.0, ""prediction_start_mass_mg"": 930.0, ""measured_safety_stop_mass_mg"": 990.0}"
121,dispense-1000mg-20260924_141809-391fbd,2026-09-24,14:18:09,失水剂2,water_loss_agent_2,闭环加粉,通过,1000,1002,2,0.002,73.531,295,predictive-stop-v3-water-loss-agent-2-fast-tail,True,True,True,True,feedback_dispense_dispense-1000mg-20260924_141809-391fbd.json,feedback_dispense_dispense-1000mg-20260924_141809-391fbd_samples.csv,..\..\server\logs\feedback_dispense_dispense-1000mg-20260924_141809-391fbd_samples.csv,measured mass reached acceptance lower bound,measured mass reached acceptance lower bound,"{""enabled"": true, ""prediction_horizon_s"": 1.0, ""fixed_tail_mass_mg"": 0.0, ""target_offset_mg"": 3.0, ""confirmation_samples"": 2, ""fast_stop_enabled"": false, ""fast_stop_rate_mg_s"": 20.0, ""fast_stop_confirmation_samples"": 1, ""projected_safety_stop_enabled"": true, ""projected_safety_stop_offset_mg"": 5.0, ""prediction_start_mass_mg"": 962.5, ""measured_safety_stop_mass_mg"": 990.0}"
122,large-dispense-1000mg-20260924_141927-2b279a,2026-09-24,14:19:27,失水剂2,water_loss_agent_2,闭环加粉,通过,1000,998,-2,-0.002,40.953,116,predictive-stop-v3-water-loss-agent-2-fast-tail,True,True,True,True,feedback_dispense_large-dispense-1000mg-20260924_141927-2b279a.json,feedback_dispense_large-dispense-1000mg-20260924_141927-2b279a_samples.csv,..\..\server\logs\feedback_dispense_large-dispense-1000mg-20260924_141927-2b279a_samples.csv,predicted tail confirmed inside the acceptance window; stop ,predicted tail confirmed inside the acceptance window; stop for final stable weighing,"{""enabled"": true, ""prediction_horizon_s"": 1.0, ""fixed_tail_mass_mg"": 0.0, ""target_offset_mg"": 3.0, ""confirmation_samples"": 2, ""fast_stop_enabled"": false, ""fast_stop_rate_mg_s"": 20.0, ""fast_stop_confirmation_samples"": 1, ""projected_safety_stop_enabled"": true, ""projected_safety_stop_offset_mg"": 5.0, ""prediction_start_mass_mg"": 930.0, ""measured_safety_stop_mass_mg"": 990.0}"
123,large-dispense-1000mg-20260924_142012-d2180f,2026-09-24,14:20:12,失水剂2,water_loss_agent_2,闭环加粉,失败,1000,982,-18,-0.018,20.891,28,predictive-stop-v3-water-loss-agent-2-fast-tail,True,True,True,True,feedback_dispense_large-dispense-1000mg-20260924_142012-d2180f.json,feedback_dispense_large-dispense-1000mg-20260924_142012-d2180f_samples.csv,..\..\server\logs\feedback_dispense_large-dispense-1000mg-20260924_142012-d2180f_samples.csv,projected safety stop: predicted final mass 1011.9 >= 1005 m,projected safety stop: predicted final mass 1011.9 >= 1005 mg,"{""enabled"": true, ""prediction_horizon_s"": 1.0, ""fixed_tail_mass_mg"": 0.0, ""target_offset_mg"": 3.0, ""confirmation_samples"": 2, ""fast_stop_enabled"": false, ""fast_stop_rate_mg_s"": 20.0, ""fast_stop_confirmation_samples"": 1, ""projected_safety_stop_enabled"": true, ""projected_safety_stop_offset_mg"": 5.0, ""prediction_start_mass_mg"": 930.0, ""measured_safety_stop_mass_mg"": 990.0}"
124,large-dispense-1000mg-20260924_142045-1c09de,2026-09-24,14:20:45,失水剂2,water_loss_agent_2,闭环加粉,失败,1000,989,-11,-0.011,28.672,61,predictive-stop-v3-water-loss-agent-2-fast-tail,True,True,True,True,feedback_dispense_large-dispense-1000mg-20260924_142045-1c09de.json,feedback_dispense_large-dispense-1000mg-20260924_142045-1c09de_samples.csv,..\..\server\logs\feedback_dispense_large-dispense-1000mg-20260924_142045-1c09de_samples.csv,projected safety stop: predicted final mass 1007.1 >= 1005 m,projected safety stop: predicted final mass 1007.1 >= 1005 mg,"{""enabled"": true, ""prediction_horizon_s"": 1.0, ""fixed_tail_mass_mg"": 0.0, ""target_offset_mg"": 3.0, ""confirmation_samples"": 2, ""fast_stop_enabled"": false, ""fast_stop_rate_mg_s"": 20.0, ""fast_stop_confirmation_samples"": 1, ""projected_safety_stop_enabled"": true, ""projected_safety_stop_offset_mg"": 5.0, ""prediction_start_mass_mg"": 930.0, ""measured_safety_stop_mass_mg"": 990.0}"
125,large-dispense-2000mg-20260924_142140-78acf2,2026-09-24,14:21:40,失水剂2,water_loss_agent_2,闭环加粉,通过,2000,1998,-2,-0.001,29.484,66,predictive-stop-v3-water-loss-agent-2-fast-tail,True,True,True,True,feedback_dispense_large-dispense-2000mg-20260924_142140-78acf2.json,feedback_dispense_large-dispense-2000mg-20260924_142140-78acf2_samples.csv,..\..\server\logs\feedback_dispense_large-dispense-2000mg-20260924_142140-78acf2_samples.csv,predicted tail confirmed inside the acceptance window; stop ,predicted tail confirmed inside the acceptance window; stop for final stable weighing,"{""enabled"": true, ""prediction_horizon_s"": 1.0, ""fixed_tail_mass_mg"": 0.0, ""target_offset_mg"": 3.0, ""confirmation_samples"": 2, ""fast_stop_enabled"": false, ""fast_stop_rate_mg_s"": 20.0, ""fast_stop_confirmation_samples"": 1, ""projected_safety_stop_enabled"": true, ""projected_safety_stop_offset_mg"": 5.0, ""prediction_start_mass_mg"": 1930.0, ""measured_safety_stop_mass_mg"": 1990.0}"
126,large-dispense-10000mg-20260924_142326-682070,2026-09-24,14:23:26,失水剂2,water_loss_agent_2,闭环加粉,失败,10000,10013,13,0.0013,71.172,246,predictive-stop-v3-water-loss-agent-2-fast-tail,True,True,True,True,feedback_dispense_large-dispense-10000mg-20260924_142326-682070.json,feedback_dispense_large-dispense-10000mg-20260924_142326-682070_samples.csv,..\..\server\logs\feedback_dispense_large-dispense-10000mg-20260924_142326-682070_samples.csv,predicted tail confirmed inside the acceptance window; stop ,predicted tail confirmed inside the acceptance window; stop for final stable weighing,"{""enabled"": true, ""prediction_horizon_s"": 1.0, ""fixed_tail_mass_mg"": 0.0, ""target_offset_mg"": 3.0, ""confirmation_samples"": 2, ""fast_stop_enabled"": false, ""fast_stop_rate_mg_s"": 20.0, ""fast_stop_confirmation_samples"": 1, ""projected_safety_stop_enabled"": true, ""projected_safety_stop_offset_mg"": 5.0, ""prediction_start_mass_mg"": 9930.0, ""measured_safety_stop_mass_mg"": 9990.0}"
